2,-0.06064
2.002,-0.06664
2.004,-0.06755
2.006,-0.06272
2.008,-0.05991
2.01,-0.05296
2.012,-0.04604
2.014,-0.03613
2.016,-0.02835
2.018,-0.01458
2.02,-0.00478
2.022,-8.87E-04
2.024,0.00384
2.02601,0.011
2.02801,0.01911
2.03001,0.02442
2.03201,0.0273
2.03401,0.02965
2.03601,0.02949
2.03801,0.02806
2.04001,0.02548
2.04201,0.02067
2.04401,0.01498
2.04601,0.00744
2.04801,0.00166
2.05001,-0.00595
2.05201,-0.01871
2.05401,-0.03024
2.05601,-0.038
2.05801,-0.04394
2.06001,-0.04735
2.06201,-0.04506
2.06401,-0.03976
2.06601,-0.03488
2.06801,-0.02929
2.07001,-0.02102
2.07201,-0.01052
2.07401,-0.00116
2.07602,0.00783
2.07802,0.01895
2.08002,0.01881
2.08202,0.01879
2.08402,0.02042
2.08602,0.02689
2.08802,0.03412
2.09002,0.04172
2.09202,0.04296
2.09402,0.03745
2.09602,0.03059
2.09802,0.02847
2.10002,0.02231
2.10202,0.01585
2.10402,0.00975
2.10602,0.00152
2.10802,-0.01021
2.11002,-0.02373
2.11202,-0.03489
2.11402,-0.04355
2.11602,-0.04827
2.11802,-0.05069
2.12002,-0.04962
2.12202,-0.04841
2.12402,-0.04448
2.12603,-0.04231
2.12803,-0.03319
2.13003,-0.02393
2.13203,-0.01487
2.13403,-0.00902
2.13603,-0.0042
2.13803,-6.85E-04
2.14003,-0.00232
2.14203,-0.00389
2.14403,9.43E-04
2.14603,0.00781
2.14803,0.01361
2.15003,0.01634
2.15203,0.01371
2.15403,0.00954
2.15603,0.00587
2.15803,0.0016
2.16003,-0.00466
2.16203,-0.01036
2.16403,-0.01151
2.16603,-0.02167
2.16803,-0.0341
2.17003,-0.04451
2.17203,-0.05434
2.17403,-0.05834
2.17604,-0.05546
2.17804,-0.05415
2.18004,-0.04886
2.18204,-0.0412
2.18404,-0.03333
2.18604,-0.02348
2.18804,-0.01347
2.19004,-0.00413
2.19204,0.00478
2.19404,0.01235
2.19604,0.01894
2.19804,0.0212
2.20004,0.01825
2.20204,0.02193
2.20404,0.03008
2.20604,0.03246
2.20804,0.03253
2.21004,0.03365
2.21204,0.02925
2.21404,0.02648
2.21604,0.02041
2.21804,0.01144
2.22004,0.00512
2.22204,0.00231
2.22404,-0.00133
2.22605,-0.00963
2.22805,-0.01789
2.23005,-0.02488
2.23205,-0.02937
2.23405,-0.03012
2.23605,-0.02783
2.23805,-0.02067
2.24005,-0.01275
2.24205,-0.00485
2.24405,0.00448
2.24605,0.01609
2.24805,0.02391
2.25005,0.03518
2.25205,0.03515
2.25405,0.04052
2.25605,0.04385
2.25805,0.04059
2.26005,0.04221
2.26205,0.04654
2.26405,0.05053
2.26605,0.05255
2.26805,0.05139
2.27005,0.04923
2.27205,0.04583
2.27405,0.04094
2.27606,0.03379
2.27806,0.02538
2.28006,0.02175
2.28206,0.0189
2.28406,0.01576
2.28606,0.01149
2.28806,9.92E-04
2.29006,-0.00396
2.29206,-0.00205
2.29406,-2.11E-04
2.29606,8.27E-04
2.29806,0.00722
2.30006,0.01639
2.30206,0.02233
2.30406,0.02816
2.30606,0.03439
2.30806,0.03996
2.31006,0.04618
2.31206,0.0495
2.31406,0.05053
2.31606,0.05182
2.31806,0.05176
2.32006,0.05108
2.32206,0.05071
2.32406,0.04908
2.32607,0.04521
2.32807,0.04077
2.33007,0.03871
2.33207,0.03401
2.33407,0.02478
2.33607,0.01651
2.33807,0.01085
2.34007,0.00737
2.34207,0.00441
2.34407,-0.00265
2.34607,-0.008
2.34807,-0.01156
2.35007,-0.0128
2.35207,-0.01297
2.35407,-0.01207
2.35607,-0.00791
2.35807,-0.00279
2.36007,4.54E-04
2.36207,0.00533
2.36407,0.01243
2.36607,0.01741
2.36807,0.02117
2.37007,0.02467
2.37207,0.02732
2.37407,0.02977
2.37608,0.03033
2.37808,0.03
2.38008,0.02562
2.38208,0.02542
2.38408,0.0261
2.38608,0.0276
2.38808,0.02621
2.39008,0.01967
2.39208,0.01138
2.39408,0.00611
2.39608,0.00269
2.39808,-2.42E-04
2.40008,-0.00219
2.40208,-0.00472
2.40408,-0.0079
2.40608,-0.00952
2.40808,-0.0095
2.41008,-0.00978
2.41208,-0.0111
2.41408,-0.00663
2.41608,-0.00262
2.41808,0.00142
2.42008,0.00666
2.42208,0.01058
2.42408,0.01606
2.42609,0.02077
2.42809,0.02347
2.43009,0.02426
2.43209,0.02566
2.43409,0.02718
2.43609,0.02784
2.43809,0.02829
2.44009,0.02827
2.44209,0.02803
2.44409,0.02727
2.44609,0.02363
2.44809,0.01862
2.45009,0.01153
2.45209,0.00716
2.45409,0.00454
2.45609,0.00442
2.45809,0.00468
2.46009,0.00439
2.46209,0.00168
2.46409,0.00175
2.46609,0.00124
2.46809,0.00445
2.47009,0.00552
2.47209,0.00841
2.47409,0.01324
2.4761,0.01909
2.4781,0.02441
2.4801,0.02691
2.4821,0.02959
2.4841,0.03386
2.4861,0.03586
2.4881,0.03702
2.4901,0.03683
2.4921,0.03725
2.4941,0.03489
2.4961,0.03096
2.4981,0.02671
2.5001,0.02203
2.5021,0.02159
2.5041,0.01557
2.5061,0.01151
2.5081,0.00739
2.5101,0.00382
2.5121,-2.13E-04
2.5141,-0.00298
2.5161,-0.00484
2.5181,-0.00767
2.5201,-0.01015
2.5221,-0.01068
2.5241,-0.00954
2.52611,-0.00684
2.52811,-0.00312
2.53011,2.39E-05
2.53211,0.00283
2.53411,0.00881
2.53611,0.01445
2.53811,0.01863
2.54011,0.02001
2.54211,0.02436
2.54411,0.02698
2.54611,0.02792
2.54811,0.03097
2.55011,0.03145
2.55211,0.0269
2.55411,0.024
2.55611,0.0218
2.55811,0.01891
2.56011,0.01536
2.56211,0.01208
2.56411,0.00972
2.56611,0.00735
2.56811,0.00449
2.57011,0.00262
2.57211,0.00284
2.57411,0.00465
2.57612,0.00602
2.57812,0.0046
2.58012,0.00699
2.58212,0.00957
2.58412,0.01152
2.58612,0.01613
2.58812,0.02052
2.59012,0.02497
2.59212,0.03271
2.59412,0.03992
2.59612,0.04389
2.59812,0.04478
2.60012,0.04823
2.60212,0.0519
2.60412,0.05292
2.60612,0.0523
2.60812,0.04986
2.61012,0.04551
2.61212,0.03952
2.61412,0.03229
2.61612,0.02535
2.61812,0.02217
2.62012,0.02112
2.62212,0.01899
2.62412,0.0167
2.62613,0.01307
2.62813,0.01066
2.63013,0.01039
2.63213,0.01303
2.63413,0.01481
2.63613,0.01761
2.63813,0.02118
2.64013,0.02583
2.64213,0.02943
2.64413,0.03262
2.64613,0.03734
2.64813,0.043
2.65013,0.04907
2.65213,0.05579
2.65413,0.06183
2.65613,0.06605
2.65813,0.06981
2.66013,0.07114
2.66213,0.07437
2.66413,0.07585
2.66613,0.07475
2.66813,0.0721
2.67013,0.06526
2.67213,0.05751
2.67413,0.05253
2.67614,0.05076
2.67814,0.04952
2.68014,0.05004
2.68214,0.05102
2.68414,0.04936
2.68614,0.04716
2.68814,0.04802
2.69014,0.05132
2.69214,0.05484
2.69414,0.05817
2.69614,0.06116
2.69814,0.0637
2.70014,0.06844
2.70214,0.07268
2.70414,0.07743
2.70614,0.08391
2.70814,0.08851
2.71014,0.09538
2.71214,0.10074
2.71414,0.10455
2.71614,0.10973
2.71814,0.11415
2.72014,0.11642
2.72214,0.11698
2.72414,0.11615
2.72615,0.11204
2.72815,0.10606
2.73015,0.10107
2.73215,0.09666
2.73415,0.09295
2.73615,0.09154
2.73815,0.09138
2.74015,0.09207
2.74215,0.09266
2.74415,0.09277
2.74615,0.09634
2.74815,0.10195
2.75015,0.10718
2.75215,0.11085
2.75415,0.11398
2.75615,0.11754
2.75815,0.12277
2.76015,0.12718
2.76215,0.13325
2.76415,0.14014
2.76615,0.14644
2.76815,0.15239
2.77015,0.1577
2.77215,0.16146
2.77415,0.16498
2.77616,0.16896
2.77816,0.16998
2.78016,0.16823
2.78216,0.16613
2.78416,0.15941
2.78616,0.1531
2.78816,0.14941
2.79016,0.1451
2.79216,0.14398
2.79416,0.14236
2.79616,0.14094
2.79816,0.14101
2.80016,0.14296
2.80216,0.14594
2.80416,0.15036
2.80616,0.15578
2.80816,0.16185
2.81016,0.16674
2.81216,0.17084
2.81416,0.1757
2.81616,0.18127
2.81816,0.18704
2.82016,0.19168
2.82216,0.19709
2.82416,0.2035
2.82617,0.21009
2.82817,0.21517
2.83017,0.21956
2.83217,0.22319
2.83417,0.2255
2.83617,0.22554
2.83817,0.22523
2.84017,0.22419
2.84217,0.21972
2.84417,0.21284
2.84617,0.20669
2.84817,0.20118
2.85017,0.19675
2.85217,0.19467
2.85417,0.1946
2.85617,0.19587
2.85817,0.19771
2.86017,0.19931
2.86217,0.20305
2.86417,0.20912
2.86617,0.21365
2.86817,0.21966
2.87017,0.2267
2.87217,0.23162
2.87417,0.23567
2.87618,0.24138
2.87818,0.24557
2.88018,0.25002
2.88218,0.25695
2.88418,0.26203
2.88618,0.26452
2.88818,0.26833
2.89018,0.27269
2.89218,0.27592
2.89418,0.27757
2.89618,0.27664
2.89818,0.27329
2.90018,0.26884
2.90218,0.26342
2.90418,0.25756
2.90618,0.25198
2.90818,0.24736
2.91018,0.24376
2.91218,0.24124
2.91418,0.2414
2.91618,0.24272
2.91818,0.24486
2.92018,0.24868
2.92218,0.25377
2.92418,0.25923
2.92619,0.26549
2.92819,0.27242
2.93019,0.27711
2.93219,0.28072
2.93419,0.28509
2.93619,0.28933
2.93819,0.29277
2.94019,0.29726
2.94219,0.30322
2.94419,0.30747
2.94619,0.31039
2.94819,0.31368
2.95019,0.31611
2.95219,0.31607
2.95419,0.31531
2.95619,0.31378
2.95819,0.30859
2.96019,0.30259
2.96219,0.29758
2.96419,0.29258
2.96619,0.28807
2.96819,0.2851
2.97019,0.28353
2.97219,0.28265
2.97419,0.28292
2.9762,0.28522
2.9782,0.28833
2.9802,0.29177
2.9822,0.29677
2.9842,0.30259
2.9862,0.30771
2.9882,0.31154
2.9902,0.31581
2.9922,0.31995
2.9942,0.3236
2.9962,0.32798
2.9982,0.33291
3.0002,0.33707
3.0022,0.34083
3.0042,0.34402
3.0062,0.3457
3.0082,0.34646
3.0102,0.34627
3.0122,0.34536
3.0142,0.3436
3.0162,0.34091
3.0182,0.33655
3.0202,0.33117
3.0222,0.32617
3.0242,0.32156
3.02621,0.31796
3.02821,0.31663
3.03021,0.31658
3.03221,0.31637
3.03421,0.31822
3.03621,0.32066
3.03821,0.32422
3.04021,0.32706
3.04221,0.33218
3.04421,0.33754
3.04621,0.34113
3.04821,0.34483
3.05021,0.34934
3.05221,0.3538
3.05421,0.35789
3.05621,0.36162
3.05821,0.36496
3.06021,0.36753
3.06221,0.36969
3.06421,0.37184
3.06621,0.37309
3.06821,0.3732
3.07021,0.37285
3.07221,0.37063
3.07421,0.3658
3.07622,0.36061
3.07822,0.35569
3.08022,0.35204
3.08222,0.34864
3.08422,0.3465
3.08622,0.34582
3.08822,0.34527
3.09022,0.34554
3.09222,0.34645
3.09422,0.34811
3.09622,0.35067
3.09822,0.35451
3.10022,0.35916
3.10222,0.36446
3.10422,0.36954
3.10622,0.37314
3.10822,0.37589
3.11022,0.37859
3.11222,0.38212
3.11422,0.38583
3.11622,0.38955
3.11822,0.39254
3.12022,0.39497
3.12222,0.3968
3.12422,0.39855
3.12623,0.39983
3.12823,0.39929
3.13023,0.39696
3.13223,0.39392
3.13423,0.39143
3.13623,0.38804
3.13823,0.38494
3.14023,0.38266
3.14223,0.38061
3.14423,0.37858
3.14623,0.37646
3.14823,0.37488
3.15023,0.37517
3.15223,0.37733
3.15423,0.38044
3.15623,0.38413
3.15823,0.38849
3.16023,0.39312
3.16223,0.3969
3.16423,0.40153
3.16623,0.40646
3.16823,0.41138
3.17023,0.41572
3.17223,0.41953
3.17423,0.42374
3.17624,0.42702
3.17824,0.42954
3.18024,0.4316
3.18224,0.43322
3.18424,0.43414
3.18624,0.43402
3.18824,0.43328
3.19024,0.43207
3.19224,0.42967
3.19424,0.42718
3.19624,0.42536
3.19824,0.4232
3.20024,0.42145
3.20224,0.42041
3.20424,0.41966
3.20624,0.42055
3.20824,0.42083
3.21024,0.42103
3.21224,0.42316
3.21424,0.42559
3.21624,0.42821
3.21824,0.43235
3.22024,0.4373
3.22224,0.442
3.22424,0.44632
3.22625,0.45027
3.22825,0.4551
3.23025,0.4607
3.23225,0.46507
3.23425,0.46908
3.23625,0.47311
3.23825,0.47696
3.24025,0.47948
3.24225,0.48099
3.24425,0.48165
3.24625,0.48134
3.24825,0.48008
3.25025,0.47901
3.25225,0.47745
3.25425,0.47587
3.25625,0.47457
3.25825,0.47405
3.26025,0.47435
3.26225,0.47464
3.26425,0.47521
3.26625,0.47662
3.26825,0.47824
3.27025,0.47954
3.27225,0.48115
3.27425,0.484
3.27626,0.48845
3.27826,0.49331
3.28026,0.49748
3.28226,0.50195
3.28426,0.5062
3.28626,0.51133
3.28826,0.51486
3.29026,0.51861
3.29226,0.52279
3.29426,0.52724
3.29626,0.53032
3.29826,0.53336
3.30026,0.5359
3.30226,0.53718
3.30426,0.53708
3.30626,0.5363
3.30826,0.53624
3.31026,0.53675
3.31226,0.53631
3.31426,0.53529
3.31626,0.53527
3.31826,0.53621
3.32026,0.53821
3.32226,0.54043
3.32426,0.54184
3.32627,0.54387
3.32827,0.54747
3.33027,0.54994
3.33227,0.55267
3.33427,0.55616
3.33627,0.5603
3.33827,0.56521
3.34027,0.56979
3.34227,0.57391
3.34427,0.57871
3.34627,0.58299
3.34827,0.58749
3.35027,0.59121
3.35227,0.59379
3.35427,0.59691
3.35627,0.59967
3.35827,0.60092
3.36027,0.60106
3.36227,0.60174
3.36427,0.60281
3.36627,0.60358
3.36827,0.60332
3.37027,0.60349
3.37227,0.60338
3.37427,0.60338
3.37628,0.60434
3.37828,0.60518
3.38028,0.60597
3.38228,0.60817
3.38428,0.61088
3.38628,0.61397
3.38828,0.61719
3.39028,0.62097
3.39228,0.62533
3.39428,0.62971
3.39628,0.63415
3.39828,0.63834
3.40028,0.64179
3.40228,0.64532
3.40428,0.64949
3.40628,0.65299
3.40828,0.65562
3.41028,0.65812
3.41228,0.66131
3.41428,0.66464
3.41628,0.66721
3.41828,0.6692
3.42028,0.67151
3.42228,0.67183
3.42428,0.67096
3.42629,0.67056
3.42829,0.67033
3.43029,0.67025
3.43229,0.67029
3.43429,0.67093
3.43629,0.67231
3.43829,0.67383
3.44029,0.67572
3.44229,0.67794
3.44429,0.68025
3.44629,0.68273
3.44829,0.68576
3.45029,0.69011
3.45229,0.69377
3.45429,0.69731
3.45629,0.70154
3.45829,0.7061
3.46029,0.70919
3.46229,0.71287
3.46429,0.71648
3.46629,0.72098
3.46829,0.72556
3.47029,0.7292
3.47229,0.73156
3.47429,0.73333
3.4763,0.73504
3.4783,0.73643
3.4803,0.73716
3.4823,0.73722
3.4843,0.73695
3.4863,0.73646
3.4883,0.73602
3.4903,0.73654
3.4923,0.73776
3.4943,0.73829
3.4963,0.73791
3.4983,0.73843
3.5003,0.74047
3.5023,0.74245
3.5043,0.74379
3.5063,0.74651
3.5083,0.75078
3.5103,0.75435
3.5123,0.75703
3.5143,0.75953
3.5163,0.76229
3.5183,0.76578
3.5203,0.77033
3.5223,0.77491
3.5243,0.77794
3.52631,0.78093
3.52831,0.78419
3.53031,0.78635
3.53231,0.78715
3.53431,0.78755
3.53631,0.78824
3.53831,0.78918
3.54031,0.78992
3.54231,0.78948
3.54431,0.78896
3.54631,0.78885
3.54831,0.78854
3.55031,0.78818
3.55231,0.78843
3.55431,0.78989
3.55631,0.79154
3.55831,0.79268
3.56031,0.79416
3.56231,0.79614
3.56431,0.79845
3.56631,0.80173
3.56831,0.80453
3.57031,0.80676
3.57231,0.80851
3.57431,0.81049
3.57632,0.81286
3.57832,0.81561
3.58032,0.81873
3.58232,0.82104
3.58432,0.82248
3.58632,0.82293
3.58832,0.82292
3.59032,0.82363
3.59232,0.82462
3.59432,0.8252
3.59632,0.82533
3.59832,0.82546
3.60032,0.82601
3.60232,0.82681
3.60432,0.82699
3.60632,0.82641
3.60832,0.82655
3.61032,0.82758
3.61232,0.8281
3.61432,0.82812
3.61632,0.82868
3.61832,0.82998
3.62032,0.83094
3.62232,0.83219
3.62432,0.83371
3.62633,0.83529
3.62833,0.83743
3.63033,0.83936
3.63233,0.84063
3.63433,0.84161
3.63633,0.84349
3.63833,0.84686
3.64033,0.85036
3.64233,0.8526
3.64433,0.8539
3.64633,0.85525
3.64833,0.85656
3.65033,0.85706
3.65233,0.85774
3.65433,0.85825
3.65633,0.85821
3.65833,0.85747
3.66033,0.85649
3.66233,0.8558
3.66433,0.85413
3.66633,0.85336
3.66833,0.85401
3.67033,0.85446
3.67233,0.85483
3.67433,0.85549
3.67634,0.8563
3.67834,0.85778
3.68034,0.85916
3.68234,0.85989
3.68434,0.8614
3.68634,0.86399
3.68834,0.86638
3.69034,0.86891
3.69234,0.87134
3.69434,0.87331
3.69634,0.87546
3.69834,0.87677
3.70034,0.87805
3.70234,0.87921
3.70434,0.88053
3.70634,0.88198
3.70834,0.88316
3.71034,0.88376
3.71234,0.88414
3.71434,0.88441
3.71634,0.88441
3.71834,0.88423
3.72034,0.88408
3.72234,0.88341
3.72434,0.88251
3.72635,0.88241
3.72835,0.88299
3.73035,0.88337
3.73235,0.8836
3.73435,0.88421
3.73635,0.88539
3.73835,0.88699
3.74035,0.88835
3.74235,0.88917
3.74435,0.89042
3.74635,0.8926
3.74835,0.89413
3.75035,0.89528
3.75235,0.89711
3.75435,0.89895
3.75635,0.90092
3.75835,0.90237
3.76035,0.90346
3.76235,0.90476
3.76435,0.90617
3.76635,0.90718
3.76835,0.90771
3.77035,0.90821
3.77235,0.90885
3.77435,0.90907
3.77636,0.90869
3.77836,0.90908
3.78036,0.90964
3.78236,0.90979
3.78436,0.90936
3.78636,0.90908
3.78836,0.90945
3.79036,0.91013
3.79236,0.91044
3.79436,0.91039
3.79636,0.91051
3.79836,0.91096
3.80036,0.91277
3.80236,0.91486
3.80436,0.91607
3.80636,0.91726
3.80836,0.91896
3.81036,0.92089
3.81236,0.92312
3.81436,0.92522
3.81636,0.92677
3.81836,0.92767
3.82036,0.92827
3.82236,0.92966
3.82436,0.9312
3.82637,0.9323
3.82837,0.93322
3.83037,0.93389
3.83237,0.93422
3.83437,0.93452
3.83637,0.93515
3.83837,0.93561
3.84037,0.93614
3.84237,0.93654
3.84437,0.93677
3.84637,0.93707
3.84837,0.93739
3.85037,0.93761
3.85237,0.93819
3.85437,0.93932
3.85637,0.94003
3.85837,0.94059
3.86037,0.94198
3.86237,0.94422
3.86437,0.94642
3.86637,0.94858
3.86837,0.95025
3.87037,0.95117
3.87237,0.95226
3.87437,0.95342
3.87638,0.95485
3.87838,0.95709
3.88038,0.95944
3.88238,0.96106
3.88438,0.96205
3.88638,0.96299
3.88838,0.96415
3.89038,0.96525
3.89238,0.966
3.89438,0.96661
3.89638,0.96733
3.89838,0.9679
3.90038,0.96794
3.90238,0.96748
3.90438,0.96763
3.90638,0.9688
3.90838,0.96994
3.91038,0.97117
3.91238,0.9723
3.91438,0.97345
3.91638,0.97511
3.91838,0.97647
3.92038,0.97819
3.92238,0.97963
3.92438,0.98041
3.92639,0.98093
3.92839,0.98212
3.93039,0.98443
3.93239,0.98668
3.93439,0.98802
3.93639,0.98924
3.93839,0.99071
3.94039,0.99236
3.94239,0.99411
3.94439,0.99647
3.94639,0.998
3.94839,0.9984
3.95039,0.99842
3.95239,0.9988
3.95439,1.00006
3.95639,1.0016
3.95839,1.00325
3.96039,1.0043
3.96239,1.00505
3.96439,1.00554
3.96639,1.00566
3.96839,1.00588
3.97039,1.00664
3.97239,1.00798
3.97439,1.00953
3.9764,1.01072
3.9784,1.01152
3.9804,1.0124
3.9824,1.01368
3.9844,1.0152
3.9864,1.01679
3.9884,1.01857
3.9904,1.02049
3.9924,1.02147
3.9944,1.02237
3.9964,1.02366
3.9984,1.02503
4.0004,1.02615
4.0024,1.02689
4.0044,1.02748
4.0064,1.0285
4.0084,1.02993
4.0104,1.03151
4.0124,1.03291
4.0144,1.0343
4.0164,1.03563
4.0184,1.03625
4.0204,1.03618
4.0224,1.03614
4.0244,1.03664
4.02641,1.03814
4.02841,1.03975
4.03041,1.04141
4.03241,1.04286
4.03441,1.04394
4.03641,1.04469
4.03841,1.04544
4.04041,1.04661
4.04241,1.04767
4.04441,1.04848
4.04641,1.05037
4.04841,1.05199
4.05041,1.05303
4.05241,1.05408
4.05441,1.05542
4.05641,1.05665
4.05841,1.05753
4.06041,1.05831
4.06241,1.05899
4.06441,1.05985
4.06641,1.06098
4.06841,1.06208
4.07041,1.06334
4.07241,1.06411
4.07441,1.06418
4.07642,1.06472
4.07842,1.06525
4.08042,1.06577
4.08242,1.06649
4.08442,1.06749
4.08642,1.06867
4.08842,1.06972
4.09042,1.07058
4.09242,1.07125
4.09442,1.07178
4.09642,1.07295
4.09842,1.07441
4.10042,1.07524
4.10242,1.07573
4.10442,1.07635
4.10642,1.07743
4.10842,1.07826
4.11042,1.07943
4.11242,1.0809
4.11442,1.08272
4.11642,1.08408
4.11842,1.0841
4.12042,1.08356
4.12242,1.08356
4.12442,1.08419
4.12643,1.08491
4.12843,1.08594
4.13043,1.08732
4.13243,1.0884
4.13443,1.08861
4.13643,1.08844
4.13843,1.08866
4.14043,1.08937
4.14243,1.09033
4.14443,1.09137
4.14643,1.09213
4.14843,1.0923
4.15043,1.09219
4.15243,1.09332
4.15443,1.09432
4.15643,1.09498
4.15843,1.09521
4.16043,1.09604
4.16243,1.09718
4.16443,1.09818
4.16643,1.09896
4.16843,1.09981
4.17043,1.10023
4.17243,1.10061
4.17443,1.10143
4.17644,1.10272
4.17844,1.10413
4.18044,1.10527
4.18244,1.10593
4.18444,1.1063
4.18644,1.1068
4.18844,1.10729
4.19044,1.10755
4.19244,1.10786
4.19444,1.1091
4.19644,1.11034
4.19844,1.1111
4.20044,1.11104
4.20244,1.1101
4.20444,1.10978
4.20644,1.10996
4.20844,1.11049
4.21044,1.11149
4.21244,1.11261
4.21444,1.11357
4.21644,1.11416
4.21844,1.11461
4.22044,1.11528
4.22244,1.11633
4.22444,1.11751
4.22645,1.1184
4.22845,1.11899
4.23045,1.1196
4.23245,1.12043
4.23445,1.12147
4.23645,1.12225
4.23845,1.12292
4.24045,1.12353
4.24245,1.12403
4.24445,1.12446
4.24645,1.1249
4.24845,1.12584
4.25045,1.12659
4.25245,1.12718
4.25445,1.12782
4.25645,1.12788
4.25845,1.1277
4.26045,1.1278
4.26245,1.12836
4.26445,1.12936
4.26645,1.13019
4.26845,1.13035
4.27045,1.13039
4.27245,1.13082
4.27445,1.131
4.27646,1.13118
4.27846,1.13176
4.28046,1.13265
4.28246,1.13368
4.28446,1.13469
4.28646,1.13548
4.28846,1.13628
4.29046,1.13715
4.29246,1.13817
4.29446,1.13888
4.29646,1.13932
4.29846,1.1396
4.30046,1.14002
4.30246,1.14072
4.30446,1.14158
4.30646,1.14231
4.30846,1.14262
4.31046,1.14266
4.31246,1.14291
4.31446,1.14369
4.31646,1.14512
4.31846,1.14659
4.32046,1.14791
4.32246,1.14822
4.32446,1.14857
4.32647,1.14878
4.32847,1.14852
4.33047,1.14871
4.33247,1.1491
4.33447,1.14979
4.33647,1.15056
4.33847,1.15141
4.34047,1.15241
4.34247,1.15322
4.34447,1.15377
4.34647,1.15408
4.34847,1.15426
4.35047,1.15472
4.35247,1.15575
4.35447,1.15703
4.35647,1.15804
4.35847,1.15857
4.36047,1.15892
4.36247,1.15915
4.36447,1.1596
4.36647,1.16035
4.36847,1.16175
4.37047,1.16262
4.37247,1.16362
4.37447,1.16494
4.37648,1.16534
4.37848,1.16559
4.38048,1.166
4.38248,1.16625
4.38448,1.16647
4.38648,1.16697
4.38848,1.16791
4.39048,1.16906
4.39248,1.16997
4.39448,1.17069
4.39648,1.17122
4.39848,1.1717
4.40048,1.17233
4.40248,1.17327
4.40448,1.17415
4.40648,1.17483
4.40848,1.17495
4.41048,1.17519
4.41248,1.17556
4.41448,1.176
4.41648,1.17661
4.41848,1.17723
4.42048,1.17773
4.42248,1.17819
4.42448,1.17861
4.42649,1.17896
4.42849,1.1794
4.43049,1.18007
4.43249,1.18105
4.43449,1.18206
4.43649,1.18255
4.43849,1.18309
4.44049,1.18391
4.44249,1.18454
4.44449,1.18477
4.44649,1.18399
4.44849,1.18409
4.45049,1.18459
4.45249,1.18567
4.45449,1.18647
4.45649,1.18715
4.45849,1.18777
4.46049,1.18834
4.46249,1.18895
4.46449,1.18982
4.46649,1.19044
4.46849,1.19074
4.47049,1.19099
4.47249,1.19133
4.47449,1.19183
4.4765,1.19242
4.4785,1.19307
4.4805,1.19365
4.4825,1.194
4.4845,1.19366
4.4865,1.19359
4.4885,1.19365
4.4905,1.19462
4.4925,1.1954
4.4945,1.19611
4.4965,1.19644
4.4985,1.19656
4.5005,1.19659
4.5025,1.19696
4.5045,1.19751
4.5065,1.19799
4.5085,1.19834
4.5105,1.19862
4.5125,1.1989
4.5145,1.19928
4.5165,1.19987
4.5185,1.20057
4.5205,1.20126
4.5225,1.20212
4.5245,1.20315
4.52651,1.20436
4.52851,1.20531
4.53051,1.20595
4.53251,1.20572
4.53451,1.20521
4.53651,1.20447
4.53851,1.2044
4.54051,1.20466
4.54251,1.20522
4.54451,1.20571
4.54651,1.20604
4.54851,1.2062
4.55051,1.20621
4.55251,1.20604
4.55451,1.2059
4.55651,1.20598
4.55851,1.2062
4.56051,1.20656
4.56251,1.20677
4.56451,1.20689
4.56651,1.20708
4.56851,1.20746
4.57051,1.2082
4.57251,1.20878
4.57451,1.20922
4.57652,1.20925
4.57852,1.20931
4.58052,1.2094
4.58252,1.20932
4.58452,1.20913
4.58652,1.20886
4.58852,1.20867
4.59052,1.2086
4.59252,1.20866
4.59452,1.20889
4.59652,1.20924
4.59852,1.20948
4.60052,1.20946
4.60252,1.20909
4.60452,1.20826
4.60652,1.20803
4.60852,1.20822
4.61052,1.20885
4.61252,1.20934
4.61452,1.20968
4.61652,1.20985
4.61852,1.21002
4.62052,1.21068
4.62252,1.21082
4.62452,1.21072
4.62653,1.21028
4.62853,1.20977
4.63053,1.20939
4.63253,1.20933
4.63453,1.20951
4.63653,1.20995
4.63853,1.21048
4.64053,1.21061
4.64253,1.2103
4.64453,1.20973
4.64653,1.2093
4.64853,1.20939
4.65053,1.20955
4.65253,1.20969
4.65453,1.20924
4.65653,1.20867
4.65853,1.20786
4.66053,1.20738
4.66253,1.20726
4.66453,1.20707
4.66653,1.20686
4.66853,1.20678
4.67053,1.20676
4.67253,1.20677
4.67453,1.20704
4.67654,1.20747
4.67854,1.20768
4.68054,1.20754
4.68254,1.20702
4.68454,1.20632
4.68654,1.20601
4.68854,1.20599
4.69054,1.20609
4.69254,1.20606
4.69454,1.20577
4.69654,1.20554
4.69854,1.2052
4.70054,1.20443
4.70254,1.20371
4.70454,1.20319
4.70654,1.20301
4.70854,1.20322
4.71054,1.2029
4.71254,1.20236
4.71454,1.202
4.71654,1.20186
4.71854,1.20189
4.72054,1.2018
4.72254,1.20146
4.72454,1.20103
4.72655,1.20053
4.72855,1.20011
4.73055,1.19967
4.73255,1.19911
4.73455,1.19858
4.73655,1.1982
4.73855,1.19787
4.74055,1.19765
4.74255,1.19751
4.74455,1.19749
4.74655,1.19718
4.74855,1.19682
4.75055,1.19662
4.75255,1.1964
4.75455,1.196
4.75655,1.19579
4.75855,1.19578
4.76055,1.19556
4.76255,1.19513
4.76455,1.19476
4.76655,1.19446
4.76855,1.19426
4.77055,1.194
4.77255,1.19337
4.77455,1.19275
4.77656,1.19265
4.77856,1.19257
4.78056,1.1925
4.78256,1.19257
4.78456,1.19269
4.78656,1.19262
4.78856,1.1925
4.79056,1.19191
4.79256,1.1912
4.79456,1.19056
4.79656,1.1902
4.79856,1.19024
4.80056,1.19045
4.80256,1.19065
4.80456,1.1908
4.80656,1.19084
4.80856,1.19065
4.81056,1.19018
4.81256,1.18966
4.81456,1.18911
4.81656,1.18861
4.81856,1.18811
4.82056,1.18733
4.82256,1.18664
4.82456,1.18618
4.82657,1.18604
4.82857,1.18614
4.83057,1.18594
4.83257,1.18554
4.83457,1.18497
4.83657,1.18448
4.83857,1.18467
4.84057,1.18516
4.84257,1.18536
4.84457,1.18508
4.84657,1.18446
4.84857,1.18374
4.85057,1.18293
4.85257,1.18231
4.85457,1.18212
4.85657,1.1821
4.85857,1.18253
4.86057,1.1829
4.86257,1.18323
4.86457,1.18296
4.86657,1.18257
4.86857,1.18189
4.87057,1.18127
4.87257,1.18115
4.87457,1.18123
4.87658,1.18159
4.87858,1.18183
4.88058,1.18182
4.88258,1.18172
4.88458,1.18161
4.88658,1.18158
4.88858,1.18167
4.89058,1.18168
4.89258,1.18151
4.89458,1.18114
4.89658,1.18063
4.89858,1.18036
4.90058,1.18027
4.90258,1.1801
4.90458,1.1799
4.90658,1.18005
4.90858,1.18036
4.91058,1.18071
4.91258,1.18102
4.91458,1.18105
4.91658,1.18087
4.91858,1.18036
4.92058,1.17988
4.92258,1.17963
4.92458,1.17953
4.92659,1.17957
4.92859,1.17978
4.93059,1.18015
4.93259,1.18046
4.93459,1.18055
4.93659,1.18056
4.93859,1.18045
4.94059,1.18029
4.94259,1.18001
4.94459,1.17982
4.94659,1.18001
4.94859,1.18011
4.95059,1.18
4.95259,1.17966
4.95459,1.17905
4.95659,1.17858
4.95859,1.17822
4.96059,1.17837
4.96259,1.17876
4.96459,1.17917
4.96659,1.17961
4.96859,1.18009
4.97059,1.18068
4.97259,1.18142
4.97459,1.18217
4.9766,1.18245
4.9786,1.18234
4.9806,1.18187
4.9826,1.18137
4.9846,1.18139
4.9866,1.1817
4.9886,1.18166
4.9906,1.18158
4.9926,1.18163
4.9946,1.18172
4.9966,1.18199
4.9986,1.18235
5.0006,1.18278
5.0026,1.18324
5.0046,1.18369
5.0066,1.18414
5.0086,1.18449
5.0106,1.18471
5.0126,1.18474
5.0146,1.18467
5.0166,1.18488
5.0186,1.18534
5.0206,1.18553
5.0226,1.18551
5.0246,1.18549
5.02661,1.18546
5.02861,1.18573
5.03061,1.18623
5.03261,1.18628
5.03461,1.18611
5.03661,1.18603
5.03861,1.18612
5.04061,1.18637
5.04261,1.18668
5.04461,1.18693
5.04661,1.18712
5.04861,1.1872
5.05061,1.1872
5.05261,1.18715
5.05461,1.18706
5.05661,1.18711
5.05861,1.18742
5.06061,1.18776
5.06261,1.18814
5.06461,1.18846
5.06661,1.18844
5.06861,1.18844
5.07061,1.18923
5.07261,1.18978
5.07461,1.18995
5.07662,1.19001
5.07862,1.18985
5.08062,1.18963
5.08262,1.18936
5.08462,1.18913
5.08662,1.18907
5.08862,1.18923
5.09062,1.1896
5.09262,1.19004
5.09462,1.19043
5.09662,1.19081
5.09862,1.19124
5.10062,1.1917
5.10262,1.19202
5.10462,1.19218
5.10662,1.19234
5.10862,1.19251
5.11062,1.19279
5.11262,1.19309
5.11462,1.1935
5.11662,1.19407
5.11862,1.19445
5.12062,1.19463
5.12262,1.19471
5.12462,1.19475
5.12663,1.19479
5.12863,1.19484
5.13063,1.19483
5.13263,1.19476
5.13463,1.19477
5.13663,1.19492
5.13863,1.19526
5.14063,1.19593
5.14263,1.19653
5.14463,1.19626
5.14663,1.1957
5.14863,1.19539
5.15063,1.1952
5.15263,1.19473
5.15463,1.19407
5.15663,1.19382
5.15863,1.19385
5.16063,1.19393
5.16263,1.19407
5.16463,1.19404
5.16663,1.19376
5.16863,1.19346
5.17063,1.19329
5.17263,1.19322
5.17463,1.19331
5.17664,1.19355
5.17864,1.19384
5.18064,1.19415
5.18264,1.19427
5.18464,1.19413
5.18664,1.19403
5.18864,1.19399
5.19064,1.19391
5.19264,1.19363
5.19464,1.19341
5.19664,1.19356
5.19864,1.19377
5.20064,1.1945
5.20264,1.19515
5.20464,1.19527
5.20664,1.19525
5.20864,1.19495
5.21064,1.19451
5.21264,1.19407
5.21464,1.19367
5.21664,1.19364
5.21864,1.19396
5.22064,1.19421
5.22264,1.19432
5.22464,1.19419
5.22665,1.19364
5.22865,1.19299
5.23065,1.19235
5.23265,1.19174
5.23465,1.19135
5.23665,1.19137
5.23865,1.19142
5.24065,1.19148
5.24265,1.19126
5.24465,1.19065
5.24665,1.18994
5.24865,1.18911
5.25065,1.18824
5.25265,1.18765
5.25465,1.18722
5.25665,1.18685
5.25865,1.18654
5.26065,1.18604
5.26265,1.18526
5.26465,1.18446
5.26665,1.18371
5.26865,1.18302
5.27065,1.18242
5.27265,1.18192
5.27465,1.18168
5.27666,1.18153
5.27866,1.18135
5.28066,1.18116
5.28266,1.18092
5.28466,1.18057
5.28666,1.18024
5.28866,1.18004
5.29066,1.17988
5.29266,1.17972
5.29466,1.17957
5.29666,1.17905
5.29866,1.17825
5.30066,1.17776
5.30266,1.17763
5.30466,1.17718
5.30666,1.17613
5.30866,1.17521
5.31066,1.17476
5.31266,1.17431
5.31466,1.17382
5.31666,1.17329
5.31866,1.17294
5.32066,1.17265
5.32266,1.17229
5.32466,1.17182
5.32667,1.17133
5.32867,1.17081
5.33067,1.17029
5.33267,1.16988
5.33467,1.16951
5.33667,1.16888
5.33867,1.16806
5.34067,1.16744
5.34267,1.16704
5.34467,1.16663
5.34667,1.16616
5.34867,1.16563
5.35067,1.16498
5.35267,1.16425
5.35467,1.16366
5.35667,1.16326
5.35867,1.16281
5.36067,1.162
5.36267,1.16119
5.36467,1.16059
5.36667,1.16006
5.36867,1.15963
5.37067,1.15921
5.37267,1.15855
5.37467,1.15762
5.37668,1.15681
5.37868,1.15639
5.38068,1.15615
5.38268,1.15589
5.38468,1.15562
5.38668,1.15531
5.38868,1.15491
5.39068,1.15449
5.39268,1.15403
5.39468,1.15352
5.39668,1.15285
5.39868,1.15211
5.40068,1.15125
5.40268,1.15017
5.40468,1.1491
5.40668,1.14835
5.40868,1.14762
5.41068,1.14768
5.41268,1.1479
5.41468,1.14801
5.41668,1.14798
5.41868,1.14768
5.42068,1.147
5.42268,1.14607
5.42468,1.14486
5.42669,1.14339
5.42869,1.14213
5.43069,1.14129
5.43269,1.14071
5.43469,1.14068
5.43669,1.14105
5.43869,1.14133
5.44069,1.14113
5.44269,1.14092
5.44469,1.14036
5.44669,1.13977
5.44869,1.13896
5.45069,1.13809
5.45269,1.13736
5.45469,1.13669
5.45669,1.13606
5.45869,1.13548
5.46069,1.13494
5.46269,1.1341
5.46469,1.133
5.46669,1.13222
5.46869,1.1319
5.47069,1.13166
5.47269,1.13147
5.47469,1.13129
5.4767,1.13094
5.4787,1.13008
5.4807,1.12926
5.4827,1.12874
5.4847,1.1283
5.4867,1.12781
5.4887,1.12731
5.4907,1.12656
5.4927,1.12556
5.4947,1.12454
5.4967,1.12392
5.4987,1.12344
5.5007,1.12329
5.5027,1.12338
5.5047,1.12334
5.5067,1.12313
5.5087,1.12284
5.5107,1.12243
5.5127,1.1219
5.5147,1.12131
5.5167,1.12058
5.5187,1.11984
5.5207,1.11909
5.5227,1.11836
5.5247,1.11786
5.52671,1.1176
5.52871,1.11734
5.53071,1.1169
5.53271,1.11643
5.53471,1.11603
5.53671,1.11567
5.53871,1.11552
5.54071,1.11569
5.54271,1.11592
5.54471,1.11598
5.54671,1.11593
5.54871,1.11572
5.55071,1.11523
5.55271,1.11452
5.55471,1.11363
5.55671,1.11265
5.55871,1.11182
5.56071,1.11139
5.56271,1.11101
5.56471,1.11092
5.56671,1.11104
5.56871,1.11123
5.57071,1.11162
5.57271,1.11201
5.57471,1.11185
5.57672,1.1116
5.57872,1.11106
5.58072,1.11039
5.58272,1.10975
5.58472,1.10932
5.58672,1.109
5.58872,1.1088
5.59072,1.10874
5.59272,1.10884
5.59472,1.10924
5.59672,1.10972
5.59872,1.11004
5.60072,1.10998
5.60272,1.1099
5.60472,1.10971
5.60672,1.10949
5.60872,1.10916
5.61072,1.10848
5.61272,1.10781
5.61472,1.10742
5.61672,1.1071
5.61872,1.10709
5.62072,1.10736
5.62272,1.1077
5.62472,1.10759
5.62673,1.10723
5.62873,1.10689
5.63073,1.10659
5.63273,1.10645
5.63473,1.10659
5.63673,1.10685
5.63873,1.10712
5.64073,1.10739
5.64273,1.10762
5.64473,1.10758
5.64673,1.10739
5.64873,1.10719
5.65073,1.10692
5.65273,1.10666
5.65473,1.10643
5.65673,1.1062
5.65873,1.10594
5.66073,1.10539
5.66273,1.10482
5.66473,1.10446
5.66673,1.10419
5.66873,1.10399
5.67073,1.10395
5.67273,1.10406
5.67473,1.10441
5.67674,1.10496
5.67874,1.10534
5.68074,1.10535
5.68274,1.10531
5.68474,1.10515
5.68674,1.10472
5.68874,1.10428
5.69074,1.10373
5.69274,1.10314
5.69474,1.10261
5.69674,1.10215
5.69874,1.1017
5.70074,1.10165
5.70274,1.10184
5.70474,1.10209
5.70674,1.10234
5.70874,1.1026
5.71074,1.10273
5.71274,1.10275
5.71474,1.10274
5.71674,1.10263
5.71874,1.10238
5.72074,1.10211
5.72274,1.10181
5.72474,1.10154
5.72675,1.10146
5.72875,1.10151
5.73075,1.10153
5.73275,1.10134
5.73475,1.10115
5.73675,1.10094
5.73875,1.10068
5.74075,1.10041
5.74275,1.10039
5.74475,1.10043
5.74675,1.10046
5.74875,1.10047
5.75075,1.10047
5.75275,1.10039
5.75475,1.10021
5.75675,1.1
5.75875,1.09983
5.76075,1.09969
5.76275,1.09947
5.76475,1.09907
5.76675,1.09866
5.76875,1.09827
5.77075,1.09791
5.77275,1.09756
5.77475,1.0976
5.77676,1.09765
5.77876,1.09768
5.78076,1.09771
5.78276,1.09774
5.78476,1.0977
5.78676,1.09763
5.78876,1.09753
5.79076,1.09738
5.79276,1.09721
5.79476,1.09694
5.79676,1.09655
5.79876,1.09612
5.80076,1.09575
5.80276,1.09545
5.80476,1.09526
5.80676,1.09531
5.80876,1.09544
5.81076,1.0955
5.81276,1.09538
5.81476,1.09526
5.81676,1.09524
5.81876,1.09529
5.82076,1.09535
5.82276,1.09544
5.82476,1.09554
5.82677,1.09559
5.82877,1.09533
5.83077,1.09496
5.83277,1.09455
5.83477,1.09411
5.83677,1.09366
5.83877,1.09316
5.84077,1.09263
5.84277,1.09215
5.84477,1.09175
5.84677,1.09136
5.84877,1.09091
5.85077,1.09041
5.85277,1.08997
5.85477,1.08992
5.85677,1.09002
5.85877,1.09007
5.86077,1.09008
5.86277,1.09008
5.86477,1.08973
5.86677,1.0893
5.86877,1.08885
5.87077,1.08832
5.87277,1.08777
5.87477,1.08723
5.87678,1.08677
5.87878,1.08637
5.88078,1.08597
5.88278,1.08555
5.88478,1.08516
5.88678,1.08488
5.88878,1.08473
5.89078,1.08459
5.89278,1.08445
5.89478,1.08433
5.89678,1.08419
5.89878,1.08381
5.90078,1.08335
5.90278,1.08292
5.90478,1.08256
5.90678,1.08222
5.90878,1.0817
5.91078,1.08105
5.91278,1.08038
5.91478,1.07951
5.91678,1.07852
5.91878,1.07757
5.92078,1.07697
5.92278,1.07668
5.92478,1.0764
5.92679,1.07614
5.92879,1.07589
5.93079,1.07566
5.93279,1.07546
5.93479,1.07524
5.93679,1.07494
5.93879,1.07458
5.94079,1.07421
5.94279,1.07366
5.94479,1.07291
5.94679,1.07215
5.94879,1.07155
5.95079,1.07098
5.95279,1.07047
5.95479,1.07
5.95679,1.06955
5.95879,1.06916
5.96079,1.06883
5.96279,1.06852
5.96479,1.06797
5.96679,1.06712
5.96879,1.06635
5.97079,1.06575
5.97279,1.06517
5.97479,1.06459
5.9768,1.06409
5.9788,1.06362
5.9808,1.06316
5.9828,1.06316
5.9848,1.06322
5.9868,1.06326
5.9888,1.06324
5.9908,1.06322
5.9928,1.06307
5.9948,1.0623
5.9968,1.06133
5.9988,1.06032
6.0008,1.05928
6.0028,1.05823
6.0048,1.05735
6.0068,1.05666
6.0088,1.05602
6.0108,1.05538
6.0128,1.05474
6.0148,1.05414
6.0168,1.05367
6.0188,1.05329
6.0208,1.0529
6.0228,1.05249
6.0248,1.05207
6.02681,1.05163
6.02881,1.0511
6.03081,1.05055
6.03281,1.05004
6.03481,1.04958
6.03681,1.04912
6.03881,1.04866
6.04081,1.04819
6.04281,1.04772
6.04481,1.04741
6.04681,1.04723
6.04881,1.047
6.05081,1.04666
6.05281,1.04624
6.05481,1.04578
6.05681,1.0452
6.05881,1.04461
6.06081,1.044
6.06281,1.04322
6.06481,1.04231
6.06681,1.04141
6.06881,1.04061
6.07081,1.03982
6.07281,1.03906
6.07481,1.03851
6.07682,1.03801
6.07882,1.03752
6.08082,1.03705
6.08282,1.03659
6.08482,1.03612
6.08682,1.03534
6.08882,1.03434
6.09082,1.03371
6.09282,1.03349
6.09482,1.03327
6.09682,1.03303
6.09882,1.03276
6.10082,1.0325
6.10282,1.03233
6.10482,1.03229
6.10682,1.03225
6.10882,1.03221
6.11082,1.03163
6.11282,1.03096
6.11482,1.03029
6.11682,1.02962
6.11882,1.02896
6.12082,1.02837
6.12282,1.02792
6.12482,1.02753
6.12683,1.02726
6.12883,1.02711
6.13083,1.02691
6.13283,1.02641
6.13483,1.02555
6.13683,1.02471
6.13883,1.02399
6.14083,1.02348
6.14283,1.02296
6.14483,1.02245
6.14683,1.02194
6.14883,1.02142
6.15083,1.02095
6.15283,1.0205
6.15483,1.02005
6.15683,1.01965
6.15883,1.0193
6.16083,1.01896
6.16283,1.01872
6.16483,1.01858
6.16683,1.01843
6.16883,1.0181
6.17083,1.01762
6.17283,1.01713
6.17483,1.01661
6.17684,1.01606
6.17884,1.01551
6.18084,1.01505
6.18284,1.01486
6.18484,1.01468
6.18684,1.01446
6.18884,1.01389
6.19084,1.01327
6.19284,1.01273
6.19484,1.01236
6.19684,1.01202
6.19884,1.01173
6.20084,1.01169
6.20284,1.01172
6.20484,1.01156
6.20684,1.01131
6.20884,1.01105
6.21084,1.01071
6.21284,1.01024
6.21484,1.0097
6.21684,1.00916
6.21884,1.00862
6.22084,1.00808
6.22284,1.0076
6.22484,1.00728
6.22685,1.00695
6.22885,1.00663
6.23085,1.0064
6.23285,1.00617
6.23485,1.00588
6.23685,1.00543
6.23885,1.00496
6.24085,1.00449
6.24285,1.00391
6.24485,1.00328
6.24685,1.00264
6.24885,1.00221
6.25085,1.00203
6.25285,1.00195
6.25485,1.00182
6.25685,1.00164
6.25885,1.00146
6.26085,1.00121
6.26285,1.00075
6.26485,1.00028
6.26685,0.99989
6.26885,0.99958
6.27085,0.99927
6.27285,0.99896
6.27485,0.9987
6.27686,0.99845
6.27886,0.99819
6.28086,0.99831
6.28286,0.99854
6.28486,0.99876
6.28686,0.9987
6.28886,0.99851
6.29086,0.99827
6.29286,0.99783
6.29486,0.99724
6.29686,0.99668
6.29886,0.99621
6.30086,0.99584
6.30286,0.99548
6.30486,0.99516
6.30686,0.99493
6.30886,0.99471
6.31086,0.99448
6.31286,0.99424
6.31486,0.99401
6.31686,0.99379
6.31886,0.99362
6.32086,0.99346
6.32286,0.99308
6.32486,0.99255
6.32687,0.99199
6.32887,0.99153
6.33087,0.99143
6.33287,0.99152
6.33487,0.99159
6.33687,0.99153
6.33887,0.99135
6.34087,0.99115
6.34287,0.99085
6.34487,0.99041
6.34687,0.98998
6.34887,0.98956
6.35087,0.98918
6.35287,0.98881
6.35487,0.98849
6.35687,0.9883
6.35887,0.98812
6.36087,0.98794
6.36287,0.98771
6.36487,0.98748
6.36687,0.98724
6.36887,0.98707
6.37087,0.98701
6.37287,0.98698
6.37487,0.98686
6.37688,0.98656
6.37888,0.98616
6.38088,0.98574
6.38288,0.98531
6.38488,0.98487
6.38688,0.98452
6.38888,0.98445
6.39088,0.98439
6.39288,0.98429
6.39488,0.98385
6.39688,0.98327
6.39888,0.98268
6.40088,0.98211
6.40288,0.98154
6.40488,0.98098
6.40688,0.98052
6.40888,0.98028
6.41088,0.98011
6.41288,0.97997
6.41488,0.97988
6.41688,0.97981
6.41888,0.97974
6.42088,0.97947
6.42288,0.97893
6.42488,0.9784
6.42689,0.97796
6.42889,0.97774
6.43089,0.97751
6.43289,0.97727
6.43489,0.97694
6.43689,0.9766
6.43889,0.97624
6.44089,0.97587
6.44289,0.9755
6.44489,0.97512
6.44689,0.97496
6.44889,0.97486
6.45089,0.97475
6.45289,0.97461
6.45489,0.97441
6.45689,0.97418
6.45889,0.97399
6.46089,0.97382
6.46289,0.97367
6.46489,0.97351
6.46689,0.97332
6.46889,0.9731
6.47089,0.97287
6.47289,0.97255
6.47489,0.97205
6.4769,0.97157
6.4789,0.97117
6.4809,0.97092
6.4829,0.97066
6.4849,0.97041
6.4869,0.97021
6.4889,0.97004
6.4909,0.96988
6.4929,0.96954
6.4949,0.96907
6.4969,0.96858
6.4989,0.96796
6.5009,0.9672
6.5029,0.96639
6.5049,0.96568
6.5069,0.96515
6.5089,0.9647
6.5109,0.96428
6.5129,0.964
6.5149,0.96402
6.5169,0.96404
6.5189,0.96408
6.5209,0.96435
6.5229,0.96467
6.5249,0.96498
6.52691,0.96495
6.52891,0.96475
6.53091,0.96454
6.53291,0.96408
6.53491,0.96345
6.53691,0.9628
6.53891,0.96232
6.54091,0.96203
6.54291,0.96179
6.54491,0.96153
6.54691,0.96121
6.54891,0.96086
6.55091,0.96048
6.55291,0.96002
6.55491,0.95949
6.55691,0.95899
6.55891,0.9587
6.56091,0.95862
6.56291,0.95855
6.56491,0.95848
6.56691,0.95844
6.56891,0.95842
6.57091,0.95841
6.57291,0.95825
6.57491,0.95795
6.57692,0.95762
6.57892,0.9573
6.58092,0.95714
6.58292,0.95709
6.58492,0.95703
6.58692,0.9569
6.58892,0.95669
6.59092,0.95647
6.59292,0.95624
6.59492,0.95594
6.59692,0.95561
6.59892,0.95527
6.60092,0.95494
6.60292,0.9546
6.60492,0.95426
6.60692,0.95392
6.60892,0.95327
6.61092,0.9526
6.61292,0.95193
6.61492,0.95148
6.61692,0.95117
6.61892,0.95087
6.62092,0.95058
6.62292,0.95028
6.62492,0.94998
6.62693,0.9497
6.62893,0.9496
6.63093,0.94973
6.63293,0.94986
6.63493,0.94995
6.63693,0.94991
6.63893,0.94974
6.64093,0.94957
6.64293,0.94941
6.64493,0.94928
6.64693,0.94914
6.64893,0.949
6.65093,0.94885
6.65293,0.9487
6.65493,0.9485
6.65693,0.94826
6.65893,0.94801
6.66093,0.94775
6.66293,0.94748
6.66493,0.94719
6.66693,0.9469
6.66893,0.94661
6.67093,0.94626
6.67293,0.94584
6.67493,0.94542
6.67694,0.94506
6.67894,0.9449
6.68094,0.94476
6.68294,0.94463
6.68494,0.9446
6.68694,0.9446
6.68894,0.94459
6.69094,0.94458
6.69294,0.94454
6.69494,0.9445
6.69694,0.94445
6.69894,0.94445
6.70094,0.94452
6.70294,0.9446
6.70494,0.9446
6.70694,0.94448
6.70894,0.9443
6.71094,0.9441
6.71294,0.94377
6.71494,0.94327
6.71694,0.94277
6.71894,0.94242
6.72094,0.94254
6.72294,0.94271
6.72494,0.94289
6.72695,0.94307
6.72895,0.94327
6.73095,0.94348
6.73295,0.94369
6.73495,0.94383
6.73695,0.94392
6.73895,0.944
6.74095,0.94404
6.74295,0.94393
6.74495,0.94375
6.74695,0.94357
6.74895,0.94337
6.75095,0.94315
6.75295,0.94292
6.75495,0.9427
6.75695,0.94248
6.75895,0.94227
6.76095,0.94206
6.76295,0.94186
6.76495,0.94171
6.76695,0.94156
6.76895,0.9414
6.77095,0.94137
6.77295,0.94146
6.77495,0.94156
6.77696,0.94165
6.77896,0.94156
6.78096,0.94141
6.78296,0.94126
6.78496,0.94109
6.78696,0.94087
6.78896,0.94061
6.79096,0.94036
6.79296,0.94017
6.79496,0.9401
6.79696,0.94005
6.79896,0.94002
6.80096,0.94011
6.80296,0.94041
6.80496,0.9407
6.80696,0.94088
6.80896,0.94082
6.81096,0.94076
6.81296,0.94069
6.81496,0.94061
6.81696,0.94032
6.81896,0.94002
6.82096,0.93971
6.82296,0.9393
6.82496,0.93887
6.82697,0.93844
6.82897,0.93821
6.83097,0.93823
6.83297,0.93833
6.83497,0.93843
6.83697,0.93854
6.83897,0.93867
6.84097,0.9388
6.84297,0.93893
6.84497,0.93906
6.84697,0.93918
6.84897,0.9393
6.85097,0.93936
6.85297,0.93918
6.85497,0.939
6.85697,0.93881
6.85897,0.93863
6.86097,0.93862
6.86297,0.93865
6.86497,0.93867
6.86697,0.93871
6.86897,0.93875
6.87097,0.93879
6.87297,0.93878
6.87497,0.93864
6.87698,0.93842
6.87898,0.93822
6.88098,0.93808
6.88298,0.93806
6.88498,0.93805
6.88698,0.93804
6.88898,0.93807
6.89098,0.93813
6.89298,0.9382
6.89498,0.93826
6.89698,0.93818
6.89898,0.93805
6.90098,0.93793
6.90298,0.93781
6.90498,0.93774
6.90698,0.93769
6.90898,0.93764
6.91098,0.93748
6.91298,0.93725
6.91498,0.93699
6.91698,0.93675
6.91898,0.93656
6.92098,0.93643
6.92298,0.93629
6.92498,0.93614
6.92699,0.93596
6.92899,0.93575
6.93099,0.93554
6.93299,0.93534
6.93499,0.9353
6.93699,0.93526
6.93899,0.93521
6.94099,0.93522
6.94299,0.93526
6.94499,0.93531
6.94699,0.93536
6.94899,0.93538
6.95099,0.93532
6.95299,0.93524
6.95499,0.93516
6.95699,0.93508
6.95899,0.93498
6.96099,0.93488
6.96299,0.93479
6.96499,0.9347
6.96699,0.93462
6.96899,0.93454
6.97099,0.93444
6.97299,0.93429
6.97499,0.93406
6.977,0.93383
6.979,0.93359
6.981,0.93332
6.983,0.93303
6.985,0.93275
6.987,0.93246
6.989,0.93208
6.991,0.93166
6.993,0.93125
6.995,0.93098
6.997,0.9309
6.999,0.93089
7.001,0.93089
7.003,0.93091
7.005,0.93094
7.007,0.93097
7.009,0.93098
7.011,0.93091
7.013,0.93068
7.015,0.93046
7.017,0.93024
7.019,0.93011
7.021,0.93007
7.023,0.93003
7.02501,0.92999
7.02701,0.92981
7.02901,0.92959
7.03101,0.92935
7.03301,0.9291
7.03501,0.92877
7.03701,0.92839
7.03901,0.92802
7.04101,0.92768
7.04301,0.92751
7.04501,0.92753
7.04701,0.92755
7.04901,0.92756
7.05101,0.92756
7.05301,0.92753
7.05501,0.9275
7.05701,0.92744
7.05901,0.92735
7.06101,0.92726
7.06301,0.92717
7.06501,0.92706
7.06701,0.92686
7.06901,0.92664
7.07101,0.92642
7.07301,0.9261
7.07502,0.92572
7.07702,0.92532
7.07902,0.92491
7.08102,0.92451
7.08302,0.9242
7.08502,0.92398
7.08702,0.92377
7.08902,0.92361
7.09102,0.92361
7.09302,0.92367
7.09502,0.92372
7.09702,0.92377
7.09902,0.92381
7.10102,0.92385
7.10302,0.92388
7.10502,0.92385
7.10702,0.92376
7.10902,0.92367
7.11102,0.92357
7.11302,0.92335
7.11502,0.92301
7.11702,0.92264
7.11902,0.92226
7.12102,0.92197
7.12302,0.92179
7.12503,0.92163
7.12703,0.92148
7.12903,0.92128
7.13103,0.92099
7.13303,0.9207
7.13503,0.92041
7.13703,0.92015
7.13903,0.92004
7.14103,0.91997
7.14303,0.91991
7.14503,0.91981
7.14703,0.91963
7.14903,0.91946
7.15103,0.91928
7.15303,0.91906
7.15503,0.91881
7.15703,0.91856
7.15903,0.91831
7.16103,0.91803
7.16303,0.91774
7.16503,0.91742
7.16703,0.91711
7.16903,0.91688
7.17103,0.91679
7.17303,0.91675
7.17504,0.91671
7.17704,0.91662
7.17904,0.91634
7.18104,0.91602
7.18304,0.9157
7.18504,0.91541
7.18704,0.91531
7.18904,0.91521
7.19104,0.91511
7.19304,0.91508
7.19504,0.91526
7.19704,0.91548
7.19904,0.91571
7.20104,0.9159
7.20304,0.91596
7.20504,0.91596
7.20704,0.91596
7.20904,0.91595
7.21104,0.91581
7.21304,0.91546
7.21504,0.91512
7.21704,0.91478
7.21904,0.9145
7.22104,0.91425
7.22304,0.91399
7.22505,0.91374
7.22705,0.91364
7.22905,0.91358
7.23105,0.91351
7.23305,0.91345
7.23505,0.91351
7.23705,0.91368
7.23905,0.91388
7.24105,0.91408
7.24305,0.91421
7.24505,0.91431
7.24705,0.9144
7.24905,0.9145
7.25105,0.91453
7.25305,0.91441
7.25505,0.91419
7.25705,0.91397
7.25905,0.91379
7.26105,0.91375
7.26305,0.91372
7.26505,0.91369
7.26705,0.91372
7.26905,0.91389
7.27105,0.91407
7.27305,0.91425
7.27506,0.91443
7.27706,0.91466
7.27906,0.91493
7.28106,0.91522
7.28306,0.9155
7.28506,0.91575
7.28706,0.91584
7.28906,0.9158
7.29106,0.91576
7.29306,0.9157
7.29506,0.91555
7.29706,0.91528
7.29906,0.91502
7.30106,0.9148
7.30306,0.91472
7.30506,0.91465
7.30706,0.91457
7.30906,0.91449
7.31106,0.91456
7.31306,0.91463
7.31506,0.9147
7.31706,0.91477
7.31906,0.91498
7.32106,0.91541
7.32306,0.91591
7.32507,0.9164
7.32707,0.91677
7.32907,0.91705
7.33107,0.91731
7.33307,0.91757
7.33507,0.91772
7.33707,0.91769
7.33907,0.9176
7.34107,0.91751
7.34307,0.91741
7.34507,0.91731
7.34707,0.9172
7.34907,0.91709
7.35107,0.917
7.35307,0.91714
7.35507,0.91729
7.35707,0.91745
7.35907,0.9176
7.36107,0.91792
7.36307,0.91834
7.36507,0.91878
7.36707,0.91923
7.36907,0.91959
7.37107,0.91985
7.37307,0.92007
7.37508,0.92029
7.37708,0.92051
7.37908,0.92072
7.38108,0.92094
7.38308,0.92115
7.38508,0.92134
7.38708,0.92142
7.38908,0.92149
7.39108,0.92156
7.39308,0.92158
7.39508,0.92146
7.39708,0.92134
7.39908,0.92122
7.40108,0.9211
7.40308,0.92112
7.40508,0.92134
7.40708,0.92163
7.40908,0.92192
7.41108,0.92225
7.41308,0.92266
7.41508,0.92311
7.41708,0.92355
7.41908,0.92399
7.42108,0.9244
7.42308,0.92476
7.42509,0.92513
7.42709,0.92548
7.42909,0.92576
7.43109,0.92581
7.43309,0.92585
7.43509,0.9259
7.43709,0.92594
7.43909,0.92598
7.44109,0.92603
7.44309,0.92607
7.44509,0.92611
7.44709,0.92614
7.44909,0.92616
7.45109,0.92618
7.45309,0.9262
7.45509,0.92618
7.45709,0.92612
7.45909,0.92607
7.46109,0.92601
7.46309,0.92597
7.46509,0.92599
7.46709,0.92607
7.46909,0.92615
7.47109,0.92623
7.47309,0.92632
7.4751,0.92644
7.4771,0.92655
7.4791,0.92667
7.4811,0.92677
7.4831,0.92682
7.4851,0.92686
7.4871,0.9269
7.4891,0.92695
7.4911,0.92701
7.4931,0.92711
7.4951,0.92722
7.4971,0.92735
7.4991,0.9276
7.5011,0.92799
7.5031,0.92839
7.5051,0.92879
7.5071,0.92921
7.5091,0.92973
7.5111,0.93039
7.5131,0.93106
7.5151,0.93172
7.5171,0.93221
7.5191,0.93251
7.5211,0.93281
7.5231,0.93311
7.52511,0.93338
7.52711,0.93352
7.52911,0.93362
7.53111,0.93372
7.53311,0.93383
7.53511,0.93389
7.53711,0.93391
7.53911,0.93392
7.54111,0.93393
7.54311,0.93393
7.54511,0.9339
7.54711,0.93383
7.54911,0.93375
7.55111,0.93368
7.55311,0.93364
7.55511,0.93386
7.55711,0.93416
7.55911,0.93446
7.56111,0.93475
7.56311,0.93494
7.56511,0.93512
7.56711,0.93529
7.56911,0.93547
7.57111,0.93564
7.57311,0.93578
7.57512,0.9359
7.57712,0.93602
7.57912,0.93613
7.58112,0.93613
7.58312,0.93601
7.58512,0.93589
7.58712,0.93577
7.58912,0.93565
7.59112,0.93551
7.59312,0.93535
7.59512,0.93519
7.59712,0.93504
7.59912,0.93501
7.60112,0.9352
7.60312,0.93538
7.60512,0.93557
7.60712,0.93562
7.60912,0.93558
7.61112,0.93553
7.61312,0.93548
7.61512,0.93542
7.61712,0.93538
7.61912,0.93536
7.62112,0.93534
7.62312,0.93531
7.62513,0.93529
7.62713,0.93528
7.62913,0.93528
7.63113,0.93527
7.63313,0.9353
7.63513,0.93548
7.63713,0.93569
7.63913,0.93591
7.64113,0.93613
7.64313,0.93633
7.64513,0.93654
7.64713,0.93674
7.64913,0.93694
7.65113,0.93706
7.65313,0.93713
7.65513,0.93718
7.65713,0.93724
7.65913,0.93721
7.66113,0.93706
7.66313,0.93684
7.66513,0.93663
7.66713,0.93641
7.66913,0.93623
7.67113,0.93613
7.67313,0.93605
7.67514,0.93597
7.67714,0.93591
7.67914,0.93601
7.68114,0.93613
7.68314,0.93624
7.68514,0.93636
7.68714,0.93647
7.68914,0.9365
7.69114,0.93648
7.69314,0.93645
7.69514,0.93642
7.69714,0.93642
7.69914,0.93643
7.70114,0.93644
7.70314,0.93645
7.70514,0.93646
7.70714,0.93643
7.70914,0.93633
7.71114,0.93624
7.71314,0.93615
7.71514,0.93603
7.71714,0.93583
7.71914,0.93559
7.72114,0.93535
7.72314,0.93511
7.72515,0.93488
7.72715,0.93483
7.72915,0.93481
7.73115,0.93478
7.73315,0.93476
7.73515,0.93488
7.73715,0.93509
7.73915,0.93531
7.74115,0.93554
7.74315,0.9357
7.74515,0.93575
7.74715,0.93574
7.74915,0.93573
7.75115,0.93572
7.75315,0.9357
7.75515,0.93569
7.75715,0.93568
7.75915,0.93567
7.76115,0.93566
7.76315,0.93563
7.76515,0.93557
7.76715,0.93551
7.76915,0.93545
7.77115,0.93538
7.77315,0.93531
7.77516,0.93522
7.77716,0.93512
7.77916,0.93503
7.78116,0.93494
7.78316,0.93486
7.78516,0.93477
7.78716,0.93469
7.78916,0.9346
7.79116,0.93454
7.79316,0.9345
7.79516,0.93447
7.79716,0.93445
7.79916,0.93442
7.80116,0.93442
7.80316,0.93456
7.80516,0.93471
7.80716,0.93485
7.80916,0.935
7.81116,0.93513
7.81316,0.93526
7.81516,0.93539
7.81716,0.93552
7.81916,0.93565
7.82116,0.93568
7.82316,0.93565
7.82517,0.93561
7.82717,0.93556
7.82917,0.93549
7.83117,0.93538
7.83317,0.93522
7.83517,0.93507
7.83717,0.93493
7.83917,0.93485
7.84117,0.93484
7.84317,0.93483
7.84517,0.93482
7.84717,0.93481
7.84917,0.93469
7.85117,0.93452
7.85317,0.93435
7.85517,0.93418
7.85717,0.93401
7.85917,0.9339
7.86117,0.93393
7.86317,0.93401
7.86517,0.93409
7.86717,0.93422
7.86917,0.93441
7.87117,0.93464
7.87317,0.93487
7.87518,0.9351
7.87718,0.93533
7.87918,0.93551
7.88118,0.93556
7.88318,0.93561
7.88518,0.93566
7.88718,0.93571
7.88918,0.93576
7.89118,0.93581
7.89318,0.93586
7.89518,0.93591
7.89718,0.93596
7.89918,0.93602
7.90118,0.93608
7.90318,0.93615
7.90518,0.93622
7.90718,0.93633
7.90918,0.93653
7.91118,0.9368
7.91318,0.93706
7.91518,0.93732
7.91718,0.93759
7.91918,0.93791
7.92118,0.93828
7.92318,0.93864
7.92519,0.939
7.92719,0.93928
7.92919,0.93933
7.93119,0.93938
7.93319,0.93943
7.93519,0.93947
7.93719,0.93951
7.93919,0.93953
7.94119,0.93955
7.94319,0.93958
7.94519,0.9396
7.94719,0.93962
7.94919,0.93972
7.95119,0.93986
7.95319,0.94001
7.95519,0.94015
7.95719,0.94028
7.95919,0.94039
7.96119,0.94049
7.96319,0.9406
7.96519,0.9407
7.96719,0.94081
7.96919,0.94091
7.97119,0.94101
7.97319,0.94111
7.9752,0.94121
7.9772,0.94133
7.9792,0.94172
7.9812,0.94215
7.9832,0.94259
7.9852,0.94302
7.9872,0.94343
7.9892,0.94376
7.9912,0.94406
7.9932,0.94436
7.9952,0.94466
7.9972,0.94494
7.9992,0.94515
8.0012,0.9453
8.0032,0.94545
8.0052,0.94561
8.0072,0.94574
8.0092,0.94576
8.0112,0.94578
8.0132,0.9458
8.0152,0.94582
8.0172,0.94586
8.0192,0.9461
8.0212,0.94637
8.0232,0.94663
8.02521,0.9469
8.02721,0.94722
8.02921,0.94765
8.03121,0.94813
8.03321,0.9486
8.03521,0.94908
8.03721,0.94952
8.03921,0.94987
8.04121,0.95017
8.04321,0.95046
8.04521,0.95076
8.04721,0.95104
8.04921,0.95125
8.05121,0.95131
8.05321,0.95138
8.05521,0.95144
8.05721,0.9515
8.05921,0.95171
8.06121,0.95198
8.06321,0.95227
8.06521,0.95255
8.06721,0.95283
8.06921,0.95324
8.07121,0.9537
8.07321,0.95416
8.07522,0.95462
8.07722,0.95508
8.07922,0.95551
8.08122,0.9559
8.08322,0.95629
8.08522,0.95667
8.08722,0.95705
8.08922,0.9574
8.09122,0.95764
8.09322,0.95788
8.09522,0.95812
8.09722,0.95836
8.09922,0.95864
8.10122,0.95897
8.10322,0.9593
8.10522,0.95963
8.10722,0.95996
8.10922,0.96027
8.11122,0.96056
8.11322,0.96083
8.11522,0.9611
8.11722,0.96138
8.11922,0.96163
8.12122,0.96183
8.12322,0.962
8.12523,0.96216
8.12723,0.96233
8.12923,0.96249
8.13123,0.96263
8.13323,0.96276
8.13523,0.9629
8.13723,0.96303
8.13923,0.96317
8.14123,0.96335
8.14323,0.96362
8.14523,0.96389
8.14723,0.96417
8.14923,0.96444
8.15123,0.96467
8.15323,0.96486
8.15523,0.96504
8.15723,0.96523
8.15923,0.96541
8.16123,0.96558
8.16323,0.96572
8.16523,0.96584
8.16723,0.96595
8.16923,0.96607
8.17123,0.96623
8.17323,0.96654
8.17524,0.96686
8.17724,0.96719
8.17924,0.96752
8.18124,0.96785
8.18324,0.96817
8.18524,0.96846
8.18724,0.96874
8.18924,0.96903
8.19124,0.96932
8.19324,0.96958
8.19524,0.9698
8.19724,0.96999
8.19924,0.97019
8.20124,0.97039
8.20324,0.97059
8.20524,0.97078
8.20724,0.97096
8.20924,0.97114
8.21124,0.97132
8.21324,0.9715
8.21524,0.97168
8.21724,0.97184
8.21924,0.972
8.22124,0.97216
8.22324,0.97232
8.22525,0.97252
8.22725,0.97273
8.22925,0.97294
8.23125,0.97315
8.23325,0.97337
8.23525,0.97358
8.23725,0.9738
8.23925,0.97404
8.24125,0.97427
8.24325,0.97451
8.24525,0.97474
8.24725,0.97496
8.24925,0.97512
8.25125,0.97526
8.25325,0.97539
8.25525,0.97552
8.25725,0.97565
8.25925,0.97575
8.26125,0.97584
8.26325,0.97594
8.26525,0.97603
8.26725,0.97612
8.26925,0.97618
8.27125,0.97624
8.27325,0.9763
8.27526,0.97636
8.27726,0.97646
8.27926,0.97663
8.28126,0.97681
8.28326,0.977
8.28526,0.97719
8.28726,0.97738
8.28926,0.97754
8.29126,0.97767
8.29326,0.97778
8.29526,0.9779
8.29726,0.97802
8.29926,0.97815
8.30126,0.9783
8.30326,0.97848
8.30526,0.97866
8.30726,0.97884
8.30926,0.97902
8.31126,0.97919
8.31326,0.97935
8.31526,0.9795
8.31726,0.97965
8.31926,0.9798
8.32126,0.9799
8.32326,0.97996
8.32527,0.98
8.32727,0.98005
8.32927,0.9801
8.33127,0.98015
8.33327,0.9802
8.33527,0.98025
8.33727,0.98029
8.33927,0.98034
8.34127,0.98039
8.34327,0.98044
8.34527,0.98045
8.34727,0.98046
8.34927,0.98046
8.35127,0.98046
8.35327,0.98047
8.35527,0.98063
8.35727,0.98086
8.35927,0.9811
8.36127,0.98134
8.36327,0.98158
8.36527,0.9818
8.36727,0.98199
8.36927,0.98216
8.37127,0.98232
8.37327,0.98249
8.37528,0.98264
8.37728,0.98271
8.37928,0.98268
8.38128,0.98265
8.38328,0.98262
8.38528,0.98259
8.38728,0.98257
8.38928,0.98261
8.39128,0.98265
8.39328,0.98269
8.39528,0.98273
8.39728,0.98282
8.39928,0.98297
8.40128,0.98315
8.40328,0.98332
8.40528,0.9835
8.40728,0.98367
8.40928,0.98383
8.41128,0.98396
8.41328,0.98408
8.41528,0.9842
8.41728,0.98432
8.41928,0.98444
8.42128,0.9845
8.42328,0.98446
8.42529,0.98442
8.42729,0.98438
8.42929,0.98434
8.43129,0.9843
8.43329,0.9843
8.43529,0.98438
8.43729,0.98446
8.43929,0.98454
8.44129,0.98461
8.44329,0.98465
8.44529,0.98468
8.44729,0.9847
8.44929,0.98472
8.45129,0.98475
8.45329,0.98477
8.45529,0.98477
8.45729,0.98474
8.45929,0.98471
8.46129,0.98468
8.46329,0.98465
8.46529,0.98465
8.46729,0.9847
8.46929,0.98475
8.47129,0.9848
8.47329,0.98486
8.4753,0.98491
8.4773,0.98502
8.4793,0.9852
8.4813,0.98539
8.4833,0.98558
8.4853,0.98578
8.4873,0.98597
8.4893,0.98613
8.4913,0.98628
8.4933,0.98642
8.4953,0.98656
8.4973,0.9867
8.4993,0.9868
8.5013,0.98683
8.5033,0.98685
8.5053,0.98688
8.5073,0.9869
8.5093,0.98694
8.5113,0.98699
8.5133,0.98704
8.5153,0.98708
8.5173,0.98713
8.5193,0.98718
8.5213,0.98724
8.5233,0.98731
8.52531,0.98739
8.52731,0.98747
8.52931,0.98754
8.53131,0.98762
8.53331,0.98767
8.53531,0.98768
8.53731,0.98768
8.53931,0.98768
8.54131,0.98767
8.54331,0.9877
8.54531,0.98781
8.54731,0.98797
8.54931,0.98812
8.55131,0.98827
8.55331,0.98842
8.55531,0.98857
8.55731,0.98877
8.55931,0.98901
8.56131,0.98925
8.56331,0.9895
8.56531,0.98975
8.56731,0.98995
8.56931,0.99013
8.57131,0.99029
8.57331,0.99045
8.57532,0.99061
8.57732,0.99072
8.57932,0.99076
8.58132,0.99079
8.58332,0.99082
8.58532,0.99085
8.58732,0.9909
8.58932,0.99101
8.59132,0.99126
8.59332,0.99151
8.59532,0.99176
8.59732,0.99201
8.59932,0.99226
8.60132,0.9925
8.60332,0.99274
8.60532,0.99299
8.60732,0.99323
8.60932,0.99347
8.61132,0.9937
8.61332,0.9938
8.61532,0.99379
8.61732,0.99378
8.61932,0.99377
8.62132,0.99376
8.62332,0.99375
8.62533,0.99378
8.62733,0.99388
8.62933,0.99399
8.63133,0.99409
8.63333,0.9942
8.63533,0.99431
8.63733,0.99442
8.63933,0.99454
8.64133,0.99467
8.64333,0.9948
8.64533,0.99492
8.64733,0.99505
8.64933,0.99522
8.65133,0.99543
8.65333,0.99563
8.65533,0.99584
8.65733,0.99604
8.65933,0.99624
8.66133,0.99643
8.66333,0.99662
8.66533,0.99681
8.66733,0.99699
8.66933,0.99717
8.67133,0.99729
8.67333,0.99735
8.67534,0.99741
8.67734,0.99748
8.67934,0.99754
8.68134,0.99761
8.68334,0.99767
8.68534,0.99788
8.68734,0.99813
8.68934,0.99837
8.69134,0.99862
8.69334,0.99886
8.69534,0.99911
8.69734,0.99939
8.69934,0.99981
8.70134,1.00032
8.70334,1.00082
8.70534,1.00133
8.70734,1.00179
8.70934,1.00211
8.71134,1.00242
8.71334,1.00272
8.71534,1.00303
8.71734,1.00333
8.71934,1.00363
8.72134,1.00368
8.72334,1.00373
8.72535,1.00377
8.72735,1.00381
8.72935,1.00386
8.73135,1.00391
8.73335,1.00401
8.73535,1.00412
8.73735,1.00424
8.73935,1.00436
8.74135,1.00448
8.74335,1.00469
8.74535,1.00499
8.74735,1.00529
8.74935,1.00559
8.75135,1.00589
8.75335,1.00619
8.75535,1.00648
8.75735,1.00673
8.75935,1.00698
8.76135,1.00722
8.76335,1.00747
8.76535,1.00772
8.76735,1.00792
8.76935,1.00806
8.77135,1.00819
8.77335,1.00832
8.77536,1.00844
8.77736,1.00857
8.77936,1.00876
8.78136,1.00898
8.78336,1.00921
8.78536,1.00943
8.78736,1.00965
8.78936,1.00987
8.79136,1.0101
8.79336,1.01032
8.79536,1.01055
8.79736,1.01078
8.79936,1.011
8.80136,1.01123
8.80336,1.01143
8.80536,1.01161
8.80736,1.0118
8.80936,1.01198
8.81136,1.01217
8.81336,1.01235
8.81536,1.01251
8.81736,1.01254
8.81936,1.01252
8.82136,1.0125
8.82336,1.01248
8.82537,1.01246
8.82737,1.01244
8.82937,1.01242
8.83137,1.01241
8.83337,1.01241
8.83537,1.01241
8.83737,1.01241
8.83937,1.01241
8.84137,1.01242
8.84337,1.01268
8.84537,1.01295
8.84737,1.01322
8.84937,1.01349
8.85137,1.01376
8.85337,1.01397
8.85537,1.01413
8.85737,1.01428
8.85937,1.01442
8.86137,1.01456
8.86337,1.01471
8.86537,1.01487
8.86737,1.01505
8.86937,1.01524
8.87137,1.01543
8.87337,1.01561
8.87538,1.0158
8.87738,1.01599
8.87938,1.01618
8.88138,1.01638
8.88338,1.01657
8.88538,1.01677
8.88738,1.01696
8.88938,1.01716
8.89138,1.01728
8.89338,1.01734
8.89538,1.01739
8.89738,1.01744
8.89938,1.01748
8.90138,1.01753
8.90338,1.01768
8.90538,1.01792
8.90738,1.01817
8.90938,1.01841
8.91138,1.01866
8.91338,1.01891
8.91538,1.01914
8.91738,1.01934
8.91938,1.01952
8.92138,1.0197
8.92338,1.01988
8.92539,1.02006
8.92739,1.0202
8.92939,1.0202
8.93139,1.0202
8.93339,1.0202
8.93539,1.0202
8.93739,1.0202
8.93939,1.0202
8.94139,1.0202
8.94339,1.02022
8.94539,1.02026
8.94739,1.0203
8.94939,1.02034
8.95139,1.02038
8.95339,1.02043
8.95539,1.02052
8.95739,1.02065
8.95939,1.02077
8.96139,1.0209
8.96339,1.02103
8.96539,1.02115
8.96739,1.02119
8.96939,1.02123
8.97139,1.02127
8.97339,1.02131
8.9754,1.02136
8.9774,1.0214
8.9794,1.02144
8.9814,1.02151
8.9834,1.02159
8.9854,1.02167
8.9874,1.02175
8.9894,1.02183
8.9914,1.0219
8.9934,1.02198
8.9954,1.02204
8.9974,1.02211
8.9994,1.02218
9.0014,1.02224
9.0034,1.02231
9.0054,1.0224
9.0074,1.02249
9.0094,1.02258
9.0114,1.02267
9.0134,1.02276
9.0154,1.02285
9.0174,1.02301
9.0194,1.02321
9.0214,1.02342
9.0234,1.02362
9.02541,1.02382
9.02741,1.02403
9.02941,1.02425
9.03141,1.02451
9.03341,1.0248
9.03541,1.02508
9.03741,1.02536
9.03941,1.02562
9.04141,1.02577
9.04341,1.02575
9.04541,1.02573
9.04741,1.02571
9.04941,1.02569
9.05141,1.02567
9.05341,1.02565
9.05541,1.02566
9.05741,1.02576
9.05941,1.02587
9.06141,1.02597
9.06341,1.02608
9.06541,1.02619
9.06741,1.02631
9.06941,1.02646
9.07141,1.02661
9.07341,1.02676
9.07542,1.02691
9.07742,1.02706
9.07942,1.02721
9.08142,1.02738
9.08342,1.02755
9.08542,1.02772
9.08742,1.02789
9.08942,1.02806
9.09142,1.02823
9.09342,1.0284
9.09542,1.0285
9.09742,1.02848
9.09942,1.02845
9.10142,1.02842
9.10342,1.0284
9.10542,1.02836
9.10742,1.02829
9.10942,1.0282
9.11142,1.0281
9.11342,1.02801
9.11542,1.02792
9.11742,1.02783
9.11942,1.02778
9.12142,1.02777
9.12342,1.02777
9.12543,1.02777
9.12743,1.02776
9.12943,1.02776
9.13143,1.02776
9.13343,1.02776
9.13543,1.02798
9.13743,1.02819
9.13943,1.02841
9.14143,1.02862
9.14343,1.02884
9.14543,1.02906
9.14743,1.02924
9.14943,1.0294
9.15143,1.02955
9.15343,1.02969
9.15543,1.02984
9.15743,1.02998
9.15943,1.03006
9.16143,1.03001
9.16343,1.02995
9.16543,1.02989
9.16743,1.02983
9.16943,1.02977
9.17143,1.02972
9.17343,1.02973
9.17544,1.02979
9.17744,1.02985
9.17944,1.02991
9.18144,1.02997
9.18344,1.03004
9.18544,1.03013
9.18744,1.03025
9.18944,1.03038
9.19144,1.03051
9.19344,1.03064
9.19544,1.03077
9.19744,1.03089
9.19944,1.031
9.20144,1.03107
9.20344,1.03114
9.20544,1.03121
9.20744,1.03129
9.20944,1.03136
9.21144,1.03143
9.21344,1.0315
9.21544,1.03154
9.21744,1.03158
9.21944,1.03163
9.22144,1.03167
9.22344,1.03171
9.22545,1.03181
9.22745,1.03195
9.22945,1.03211
9.23145,1.03227
9.23345,1.03242
9.23545,1.03258
9.23745,1.0327
9.23945,1.03273
9.24145,1.03266
9.24345,1.0326
9.24545,1.03254
9.24745,1.03248
9.24945,1.03242
9.25145,1.03241
9.25345,1.03241
9.25545,1.03241
9.25745,1.03241
9.25945,1.03241
9.26145,1.03241
9.26345,1.03242
9.26545,1.03249
9.26745,1.03257
9.26945,1.03266
9.27145,1.03274
9.27345,1.03282
9.27546,1.0329
9.27746,1.03298
9.27946,1.03307
9.28146,1.03319
9.28346,1.03334
9.28546,1.03349
9.28746,1.03363
9.28946,1.03378
9.29146,1.03394
9.29346,1.03418
9.29546,1.03443
9.29746,1.03468
9.29946,1.03494
9.30146,1.03519
9.30346,1.03544
9.30546,1.03568
9.30746,1.03588
9.30946,1.03609
9.31146,1.03629
9.31346,1.03649
9.31546,1.0367
9.31746,1.0369
9.31946,1.03699
9.32146,1.03696
9.32346,1.03694
9.32547,1.03691
9.32747,1.03689
9.32947,1.03686
9.33147,1.03685
9.33347,1.03686
9.33547,1.03689
9.33747,1.03692
9.33947,1.03695
9.34147,1.03698
9.34347,1.03701
9.34547,1.03704
9.34747,1.03707
9.34947,1.0371
9.35147,1.03724
9.35347,1.03741
9.35547,1.03759
9.35747,1.03776
9.35947,1.03792
9.36147,1.03797
9.36347,1.03793
9.36547,1.0379
9.36747,1.03786
9.36947,1.03783
9.37147,1.03779
9.37347,1.03776
9.37548,1.03774
9.37748,1.03778
9.37948,1.03785
9.38148,1.03791
9.38348,1.03797
9.38548,1.03804
9.38748,1.0381
9.38948,1.03825
9.39148,1.03843
9.39348,1.03861
9.39548,1.03879
9.39748,1.03897
9.39948,1.03914
9.40148,1.0393
9.40348,1.0394
9.40548,1.03946
9.40748,1.03952
9.40948,1.03958
9.41148,1.03964
9.41348,1.0397
9.41548,1.03977
9.41748,1.03984
9.41948,1.03993
9.42148,1.04002
9.42348,1.04011
9.42549,1.04019
9.42749,1.04028
9.42949,1.04037
9.43149,1.04048
9.43349,1.0406
9.43549,1.04072
9.43749,1.04084
9.43949,1.04096
9.44149,1.04108
9.44349,1.04119
9.44549,1.04128
9.44749,1.04135
9.44949,1.04141
9.45149,1.04148
9.45349,1.04155
9.45549,1.04162
9.45749,1.04168
9.45949,1.04176
9.46149,1.0419
9.46349,1.04203
9.46549,1.04217
9.46749,1.04231
9.46949,1.04244
9.47149,1.04254
9.47349,1.04258
9.4755,1.0426
9.4775,1.04263
9.4795,1.04265
9.4815,1.04267
9.4835,1.04269
9.4855,1.04272
9.4875,1.04275
9.4895,1.04279
9.4915,1.04283
9.4935,1.04288
9.4955,1.04292
9.4975,1.04297
9.4995,1.04306
9.5015,1.04317
9.5035,1.04329
9.5055,1.0434
9.5075,1.04351
9.5095,1.04363
9.5115,1.04374
9.5135,1.04385
9.5155,1.04401
9.5175,1.04419
9.5195,1.04437
9.5215,1.04456
9.5235,1.04474
9.52551,1.04492
9.52751,1.04509
9.52951,1.0452
9.53151,1.04523
9.53351,1.04526
9.53551,1.04528
9.53751,1.04531
9.53951,1.04534
9.54151,1.04537
9.54351,1.0454
9.54551,1.0454
9.54751,1.04541
9.54951,1.04541
9.55151,1.04542
9.55351,1.04543
9.55551,1.04543
9.55751,1.04545
9.55951,1.04556
9.56151,1.04571
9.56351,1.04585
9.56551,1.04599
9.56751,1.04613
9.56951,1.04627
9.57151,1.04642
9.57351,1.04657
9.57552,1.04673
9.57752,1.04688
9.57952,1.04704
9.58152,1.04719
9.58352,1.04735
9.58552,1.04749
9.58752,1.04756
9.58952,1.04752
9.59152,1.04749
9.59352,1.04745
9.59552,1.04742
9.59752,1.04738
9.59952,1.04737
9.60152,1.04737
9.60352,1.04737
9.60552,1.04738
9.60752,1.04738
9.60952,1.04738
9.61152,1.04738
9.61352,1.04738
9.61552,1.04742
9.61752,1.04754
9.61952,1.04769
9.62152,1.04785
9.62352,1.048
9.62553,1.04816
9.62753,1.04831
9.62953,1.04847
9.63153,1.04861
9.63353,1.04874
9.63553,1.04887
9.63753,1.049
9.63953,1.04913
9.64153,1.04926
9.64353,1.04937
9.64553,1.04943
9.64753,1.04949
9.64953,1.04954
9.65153,1.04959
9.65353,1.04964
9.65553,1.04969
9.65753,1.04975
9.65953,1.04981
9.66153,1.04991
9.66353,1.05
9.66553,1.05009
9.66753,1.05019
9.66953,1.05028
9.67153,1.05037
9.67353,1.05046
9.67554,1.05054
9.67754,1.05047
9.67954,1.0504
9.68154,1.05033
9.68354,1.05026
9.68554,1.05018
9.68754,1.05011
9.68954,1.05008
9.69154,1.0501
9.69354,1.05013
9.69554,1.05016
9.69754,1.05019
9.69954,1.05023
9.70154,1.0503
9.70354,1.05038
9.70554,1.05047
9.70754,1.05055
9.70954,1.05064
9.71154,1.05072
9.71354,1.05081
9.71554,1.05089
9.71754,1.05101
9.71954,1.05115
9.72154,1.0513
9.72354,1.05144
9.72555,1.05159
9.72755,1.05174
9.72955,1.05186
9.73155,1.05194
9.73355,1.05198
9.73555,1.05202
9.73755,1.05207
9.73955,1.05211
9.74155,1.05215
9.74355,1.05219
9.74555,1.05225
9.74755,1.05232
9.74955,1.05241
9.75155,1.05249
9.75355,1.05258
9.75555,1.05266
9.75755,1.05275
9.75955,1.05283
9.76155,1.05289
9.76355,1.05292
9.76555,1.05296
9.76755,1.05299
9.76955,1.05303
9.77155,1.05306
9.77355,1.05309
9.77556,1.05313
9.77756,1.05316
9.77956,1.05318
9.78156,1.05321
9.78356,1.05324
9.78556,1.05327
9.78756,1.0533
9.78956,1.05333
9.79156,1.05336
9.79356,1.05339
9.79556,1.05342
9.79756,1.05345
9.79956,1.05349
9.80156,1.05352
9.80356,1.05355
9.80556,1.05358
9.80756,1.05364
9.80956,1.0537
9.81156,1.05376
9.81356,1.05382
9.81556,1.05389
9.81756,1.05395
9.81956,1.05401
9.82156,1.05407
9.82356,1.05414
9.82557,1.05421
9.82757,1.05428
9.82957,1.05435
9.83157,1.05442
9.83357,1.05449
9.83557,1.05456
9.83757,1.05464
9.83957,1.05483
9.84157,1.05503
9.84357,1.05522
9.84557,1.05541
9.84757,1.0556
9.84957,1.05578
9.85157,1.05589
9.85357,1.05597
9.85557,1.05606
9.85757,1.05614
9.85957,1.05623
9.86157,1.05632
9.86357,1.0564
9.86557,1.05649
9.86757,1.05656
9.86957,1.05658
9.87157,1.0566
9.87357,1.05662
9.87558,1.05664
9.87758,1.05666
9.87958,1.05669
9.88158,1.05671
9.88358,1.0567
9.88558,1.05667
9.88758,1.05664
9.88958,1.05661
9.89158,1.05657
9.89358,1.05654
9.89558,1.05651
9.89758,1.05649
9.89958,1.05651
9.90158,1.05654
9.90358,1.05657
9.90558,1.0566
9.90758,1.05664
9.90958,1.05667
9.91158,1.05671
9.91358,1.0568
9.91558,1.05688
9.91758,1.05696
9.91958,1.05704
9.92158,1.05713
9.92358,1.05721
9.92559,1.05729
9.92759,1.05738
9.92959,1.05741
9.93159,1.05742
9.93359,1.05744
9.93559,1.05745
9.93759,1.05747
9.93959,1.05748
9.94159,1.0575
9.94359,1.05752
9.94559,1.05756
9.94759,1.0576
9.94959,1.05765
9.95159,1.0577
9.95359,1.05774
9.95559,1.05779
9.95759,1.05784
9.95959,1.05788
9.96159,1.05787
9.96359,1.05777
9.96559,1.05767
9.96759,1.05757
9.96959,1.05747
9.97159,1.05737
9.97359,1.05727
9.9756,1.0572
9.9776,1.05718
9.9796,1.05716
9.9816,1.05715
9.9836,1.05713
9.9856,1.05711
9.9876,1.0571
9.9896,1.05708
9.9916,1.05708
9.9936,1.05713
9.9956,1.0572
9.9976,1.05727
9.9996,1.05733
10.0016,1.0574
10.0036,1.05747
10.0056,1.05754
10.0076,1.05768
10.0096,1.05781
10.0116,1.05795
10.0136,1.05809
10.0156,1.05823
10.0176,1.05837
10.0196,1.05845
10.0216,1.05845
10.0236,1.05841
10.02561,1.05837
10.02761,1.05834
10.02961,1.0583
10.03161,1.05827
10.03361,1.05823
10.03561,1.05819
10.03761,1.05815
10.03961,1.05807
10.04161,1.05798
10.04361,1.05789
10.04561,1.0578
10.04761,1.05771
10.04961,1.05762
10.05161,1.05754
10.05361,1.05751
10.05561,1.05749
10.05761,1.05747
10.05961,1.05745
10.06161,1.05743
10.06361,1.05742
10.06561,1.0574
10.06761,1.05738
10.06961,1.05737
10.07161,1.05737
10.07361,1.05737
10.07562,1.05738
10.07762,1.05738
10.07962,1.05738
10.08162,1.05738
10.08362,1.05739
10.08562,1.05741
10.08762,1.05742
10.08962,1.05743
10.09162,1.05745
10.09362,1.05746
10.09562,1.05748
10.09762,1.05749
10.09962,1.0575
10.10162,1.05749
10.10362,1.05748
10.10562,1.05747
10.10762,1.05746
10.10962,1.05745
10.11162,1.05744
10.11362,1.05743
10.11562,1.05742
10.11762,1.05745
10.11962,1.05754
10.12162,1.05764
10.12362,1.05773
10.12563,1.05782
10.12763,1.05792
10.12963,1.05801
10.13163,1.05807
10.13363,1.05812
10.13563,1.05817
10.13763,1.05822
10.13963,1.05828
10.14163,1.05833
10.14363,1.05838
10.14563,1.05843
10.14763,1.05848
10.14963,1.05847
10.15163,1.05841
10.15363,1.05834
10.15563,1.05828
10.15763,1.05821
10.15963,1.05815
10.16163,1.05808
10.16363,1.05802
10.16563,1.05795
10.16763,1.05788
10.16963,1.05782
10.17163,1.05775
10.17363,1.05768
10.17564,1.05761
10.17764,1.05755
10.17964,1.05751
10.18164,1.05755
10.18364,1.05761
10.18564,1.05768
10.18764,1.05774
10.18964,1.05781
10.19164,1.05787
10.19364,1.05793
10.19564,1.05798
10.19764,1.05799
10.19964,1.05799
10.20164,1.05799
10.20364,1.058
10.20564,1.058
10.20764,1.058
10.20964,1.05801
10.21164,1.05801
10.21364,1.05802
10.21564,1.05803
10.21764,1.05805
10.21964,1.05806
10.22164,1.05807
10.22364,1.05808
10.22565,1.0581
10.22765,1.05811
10.22965,1.05814
10.23165,1.05817
10.23365,1.05821
10.23565,1.05825
10.23765,1.05829
10.23965,1.05833
10.24165,1.05837
10.24365,1.05841
10.24565,1.05845
10.24765,1.0585
10.24965,1.05857
10.25165,1.05865
10.25365,1.05872
10.25565,1.05879
10.25765,1.05887
10.25965,1.05893
10.26165,1.05891
10.26365,1.05886
10.26565,1.05882
10.26765,1.05878
10.26965,1.05874
10.27165,1.0587
10.27365,1.05865
10.27566,1.05861
10.27766,1.05858
10.27966,1.05858
10.28166,1.05858
10.28366,1.05859
10.28566,1.0586
10.28766,1.0586
10.28966,1.05861
10.29166,1.05861
10.29366,1.05862
10.29566,1.05857
10.29766,1.0585
10.29966,1.05844
10.30166,1.05838
10.30366,1.05831
10.30566,1.05825
10.30766,1.05818
10.30966,1.05812
10.31166,1.05817
10.31366,1.05829
10.31566,1.05841
10.31766,1.05854
10.31966,1.05867
10.32166,1.05879
10.32366,1.05892
10.32567,1.05905
10.32767,1.05916
10.32967,1.0592
10.33167,1.05922
10.33367,1.05925
10.33567,1.05927
10.33767,1.05929
10.33967,1.05932
10.34167,1.05934
10.34367,1.05936
10.34567,1.05936
10.34767,1.05935
10.34967,1.05934
10.35167,1.05934
10.35367,1.05933
10.35567,1.05932
10.35767,1.05932
10.35967,1.05931
10.36167,1.05932
10.36367,1.05938
10.36567,1.05947
10.36767,1.05956
10.36967,1.05966
10.37167,1.05975
10.37367,1.05984
10.37568,1.05993
10.37768,1.06001
10.37968,1.06008
10.38168,1.06015
10.38368,1.06022
10.38568,1.0603
10.38768,1.06037
10.38968,1.06044
10.39168,1.06051
10.39368,1.06058
10.39568,1.06064
10.39768,1.06065
10.39968,1.06064
10.40168,1.06063
10.40368,1.06061
10.40568,1.0606
10.40768,1.06059
10.40968,1.06057
10.41168,1.06057
10.41368,1.06062
10.41568,1.0607
10.41768,1.06077
10.41968,1.06084
10.42168,1.06091
10.42368,1.06098
10.42569,1.06105
10.42769,1.06112
10.42969,1.06121
10.43169,1.06131
10.43369,1.06141
10.43569,1.06151
10.43769,1.06162
10.43969,1.06172
10.44169,1.06182
10.44369,1.06192
10.44569,1.062
10.44769,1.06204
10.44969,1.06205
10.45169,1.06206
10.45369,1.06207
10.45569,1.06208
10.45769,1.06209
10.45969,1.06211
10.46169,1.06212
10.46369,1.06213
10.46569,1.06214
10.46769,1.06215
10.46969,1.06216
10.47169,1.06217
10.47369,1.06219
10.4757,1.0622
10.4777,1.06221
10.4797,1.06222
10.4817,1.06223
10.4837,1.06224
10.4857,1.06224
10.4877,1.06225
10.4897,1.06226
10.4917,1.06227
10.4937,1.06227
10.4957,1.06228
10.4977,1.06229
10.4997,1.06232
10.5017,1.06234
10.5037,1.06237
10.5057,1.0624
10.5077,1.06243
10.5097,1.06246
10.5117,1.06249
10.5137,1.06248
10.5157,1.06244
10.5177,1.06238
10.5197,1.06231
10.5217,1.06225
10.5237,1.06219
10.52571,1.06213
10.52771,1.06207
10.52971,1.06203
10.53171,1.06203
10.53371,1.06209
10.53571,1.06214
10.53771,1.06219
10.53971,1.06225
10.54171,1.0623
10.54371,1.06235
10.54571,1.06241
10.54771,1.06246
10.54971,1.06254
10.55171,1.06261
10.55371,1.06269
10.55571,1.06277
10.55771,1.06285
10.55971,1.06292
10.56171,1.063
10.56371,1.06308
10.56571,1.06315
10.56771,1.06315
10.56971,1.06307
10.57171,1.06299
10.57371,1.06292
10.57572,1.06284
10.57772,1.06277
10.57972,1.06269
10.58172,1.06262
10.58372,1.06254
10.58572,1.0625
10.58772,1.06252
10.58972,1.06255
10.59172,1.06257
10.59372,1.06259
10.59572,1.06262
10.59772,1.06264
10.59972,1.06267
10.60172,1.0627
10.60372,1.06273
10.60572,1.06276
10.60772,1.06279
10.60972,1.06282
10.61172,1.06285
10.61372,1.06288
10.61572,1.06292
10.61772,1.06293
10.61972,1.0629
10.62172,1.06282
10.62372,1.06273
10.62573,1.06265
10.62773,1.06257
10.62973,1.06249
10.63173,1.0624
10.63373,1.06232
10.63573,1.06224
10.63773,1.0622
10.63973,1.06218
10.64173,1.06217
10.64373,1.06216
10.64573,1.06214
10.64773,1.06213
10.64973,1.06212
10.65173,1.0621
10.65373,1.06209
10.65573,1.06208
10.65773,1.06207
10.65973,1.06206
10.66173,1.06204
10.66373,1.06203
10.66573,1.06202
10.66773,1.06201
10.66973,1.062
10.67173,1.06199
10.67373,1.062
10.67574,1.06202
10.67774,1.06205
10.67974,1.06207
10.68174,1.06209
10.68374,1.06212
10.68574,1.06214
10.68774,1.06216
10.68974,1.06218
10.69174,1.0622
10.69374,1.06222
10.69574,1.06224
10.69774,1.06226
10.69974,1.06228
10.70174,1.0623
10.70374,1.06232
10.70574,1.06234
10.70774,1.06236
10.70974,1.06236
10.71174,1.06221
10.71374,1.06205
10.71574,1.0619
10.71774,1.06174
10.71974,1.06159
10.72174,1.06145
10.72374,1.06139
10.72575,1.06136
10.72775,1.06134
10.72975,1.06131
10.73175,1.06129
10.73375,1.06126
10.73575,1.06124
10.73775,1.06121
10.73975,1.06119
10.74175,1.06117
10.74375,1.06116
10.74575,1.06124
10.74775,1.06131
10.74975,1.06139
10.75175,1.06147
10.75375,1.06154
10.75575,1.06162
10.75775,1.06169
10.75975,1.06177
10.76175,1.06182
10.76375,1.06183
10.76575,1.06184
10.76775,1.06184
10.76975,1.06184
10.77175,1.06185
10.77375,1.06185
10.77576,1.06186
10.77776,1.06186
10.77976,1.06186
10.78176,1.06182
10.78376,1.06178
10.78576,1.06174
10.78776,1.06169
10.78976,1.06165
10.79176,1.06161
10.79376,1.06157
10.79576,1.06152
10.79776,1.06146
10.79976,1.06138
10.80176,1.06129
10.80376,1.06121
10.80576,1.06113
10.80776,1.06105
10.80976,1.06096
10.81176,1.06088
10.81376,1.0608
10.81576,1.06073
10.81776,1.06068
10.81976,1.06066
10.82176,1.06064
10.82376,1.06063
10.82577,1.06061
10.82777,1.06059
10.82977,1.06057
10.83177,1.06055
10.83377,1.06054
10.83577,1.06052
10.83777,1.0605
10.83977,1.06048
10.84177,1.06046
10.84377,1.06044
10.84577,1.06043
10.84777,1.06041
10.84977,1.06039
10.85177,1.06037
10.85377,1.06035
10.85577,1.06032
10.85777,1.0603
10.85977,1.06027
10.86177,1.06025
10.86377,1.06023
10.86577,1.0602
10.86777,1.06018
10.86977,1.06015
10.87177,1.06009
10.87377,1.06001
10.87578,1.05994
10.87778,1.05987
10.87978,1.05979
10.88178,1.05972
10.88378,1.05965
10.88578,1.05957
10.88778,1.0595
10.88978,1.05944
10.89178,1.05943
10.89378,1.05946
10.89578,1.05948
10.89778,1.05951
10.89978,1.05953
10.90178,1.05956
10.90378,1.05958
10.90578,1.05961
10.90778,1.05963
10.90978,1.05967
10.91178,1.05976
10.91378,1.05985
10.91578,1.05995
10.91778,1.06004
10.91978,1.06013
10.92178,1.06022
10.92378,1.06031
10.92579,1.0604
10.92779,1.06041
10.92979,1.06038
10.93179,1.06035
10.93379,1.06031
10.93579,1.06027
10.93779,1.06024
10.93979,1.0602
10.94179,1.06017
10.94379,1.06013
10.94579,1.06012
10.94779,1.06016
10.94979,1.06021
10.95179,1.06025
10.95379,1.0603
10.95579,1.06034
10.95779,1.06039
10.95979,1.06043
10.96179,1.06048
10.96379,1.06052
10.96579,1.06058
10.96779,1.06065
10.96979,1.06072
10.97179,1.06079
10.97379,1.06086
10.9758,1.06093
10.9778,1.061
10.9798,1.06107
10.9818,1.06113
10.9838,1.06117
10.9858,1.06116
10.9878,1.06115
10.9898,1.06114
10.9918,1.06113
10.9938,1.06112
10.9958,1.06111
10.9978,1.0611
10.9998,1.06108
11.0018,1.06107
11.0038,1.06105
11.0058,1.06103
11.0078,1.061
11.0098,1.06097
11.0118,1.06094
11.0138,1.06091
11.0158,1.06088
11.0178,1.06085
11.0198,1.0608
11.0218,1.06073
11.0238,1.06067
11.02581,1.0606
11.02781,1.06053
11.02981,1.06046
11.03181,1.06039
11.03381,1.06032
11.03581,1.06025
11.03781,1.06018
11.03981,1.06011
11.04181,1.06012
11.04381,1.06013
11.04581,1.06014
11.04781,1.06015
11.04981,1.06016
11.05181,1.06017
11.05381,1.06018
11.05581,1.0602
11.05781,1.06021
11.05981,1.06028
11.06181,1.06039
11.06381,1.0605
11.06581,1.06061
11.06781,1.06072
11.06981,1.06084
11.07181,1.06095
11.07381,1.06106
11.07582,1.06117
11.07782,1.06129
11.07982,1.06142
11.08182,1.06155
11.08382,1.06168
11.08582,1.06181
11.08782,1.06194
11.08982,1.06207
11.09182,1.0622
11.09382,1.06233
11.09582,1.06242
11.09782,1.06239
11.09982,1.0623
11.10182,1.06222
11.10382,1.06213
11.10582,1.06205
11.10782,1.06196
11.10982,1.06188
11.11182,1.06179
11.11382,1.06171
11.11582,1.06162
11.11782,1.06155
11.11982,1.06152
11.12182,1.06149
11.12382,1.06147
11.12583,1.06144
11.12783,1.06141
11.12983,1.06139
11.13183,1.06136
11.13383,1.06133
11.13583,1.06141
11.13783,1.06152
11.13983,1.06164
11.14183,1.06176
11.14383,1.06188
11.14583,1.062
11.14783,1.06211
11.14983,1.06223
11.15183,1.06235
11.15383,1.06247
11.15583,1.06257
11.15783,1.06267
11.15983,1.06276
11.16183,1.06286
11.16383,1.06295
11.16583,1.06305
11.16783,1.06315
11.16983,1.06324
11.17183,1.06334
11.17383,1.06339
11.17584,1.06339
11.17784,1.06337
11.17984,1.06336
11.18184,1.06334
11.18384,1.06333
11.18584,1.06331
11.18784,1.0633
11.18984,1.06328
11.19184,1.06327
11.19384,1.06327
11.19584,1.06329
11.19784,1.06333
11.19984,1.06337
11.20184,1.06341
11.20384,1.06345
11.20584,1.06349
11.20784,1.06353
11.20984,1.06357
11.21184,1.06361
11.21384,1.06365
11.21584,1.06368
11.21784,1.06371
11.21984,1.06374
11.22184,1.06377
11.22384,1.0638
11.22585,1.06383
11.22785,1.06386
11.22985,1.06389
11.23185,1.06391
11.23385,1.06388
11.23585,1.06383
11.23785,1.06378
11.23985,1.06373
11.24185,1.06368
11.24385,1.06363
11.24585,1.06358
11.24785,1.06353
11.24985,1.06348
11.25185,1.06343
11.25385,1.06337
11.25585,1.06321
11.25785,1.06304
11.25985,1.06286
11.26185,1.06268
11.26385,1.0625
11.26585,1.06233
11.26785,1.06215
11.26985,1.06197
11.27185,1.06179
11.27385,1.06165
11.27586,1.06157
11.27786,1.06151
11.27986,1.06145
11.28186,1.06138
11.28386,1.06132
11.28586,1.06126
11.28786,1.0612
11.28986,1.06113
11.29186,1.06107
11.29386,1.06101
11.29586,1.06101
11.29786,1.06109
11.29986,1.06119
11.30186,1.0613
11.30386,1.0614
11.30586,1.0615
11.30786,1.0616
11.30986,1.0617
11.31186,1.06179
11.31386,1.06184
11.31586,1.06186
11.31786,1.06189
11.31986,1.06191
11.32186,1.06193
11.32386,1.06196
11.32587,1.06198
11.32787,1.062
11.32987,1.06202
11.33187,1.06205
11.33387,1.06205
11.33587,1.06203
11.33787,1.062
11.33987,1.06198
11.34187,1.06196
11.34387,1.06194
11.34587,1.06192
11.34787,1.0619
11.34987,1.06188
11.35187,1.06186
11.35387,1.06184
11.35587,1.06183
11.35787,1.06183
11.35987,1.06183
11.36187,1.06182
11.36387,1.06182
11.36587,1.06182
11.36787,1.06181
11.36987,1.06181
11.37187,1.06181
11.37387,1.06181
11.37588,1.06183
11.37788,1.06185
11.37988,1.06188
11.38188,1.0619
11.38388,1.06193
11.38588,1.06195
11.38788,1.06198
11.38988,1.062
11.39188,1.06202
11.39388,1.06201
11.39588,1.06196
11.39788,1.06192
11.39988,1.06187
11.40188,1.06183
11.40388,1.06179
11.40588,1.06174
11.40788,1.0617
11.40988,1.06165
11.41188,1.06161
11.41388,1.06157
11.41588,1.06152
11.41788,1.06149
11.41988,1.06145
11.42188,1.06142
11.42388,1.06139
11.42589,1.06135
11.42789,1.06132
11.42989,1.06128
11.43189,1.06125
11.43389,1.06123
11.43589,1.06122
11.43789,1.06122
11.43989,1.06122
11.44189,1.06122
11.44389,1.06122
11.44589,1.06122
11.44789,1.06122
11.44989,1.06122
11.45189,1.06122
11.45389,1.06122
11.45589,1.06124
11.45789,1.06126
11.45989,1.06128
11.46189,1.0613
11.46389,1.06132
11.46589,1.06134
11.46789,1.06136
11.46989,1.06138
11.47189,1.0614
11.47389,1.06142
11.4759,1.06143
11.4779,1.06141
11.4799,1.06139
11.4819,1.06136
11.4839,1.06133
11.4859,1.0613
11.4879,1.06128
11.4899,1.06125
11.4919,1.06122
11.4939,1.06118
11.4959,1.06112
11.4979,1.06106
11.4999,1.061
11.5019,1.06094
11.5039,1.06087
11.5059,1.06081
11.5079,1.06075
11.5099,1.06069
11.5119,1.06063
11.5139,1.06057
11.5159,1.06051
11.5179,1.06045
11.5199,1.06039
11.5219,1.06032
11.5239,1.06025
11.52591,1.06019
11.52791,1.06012
11.52991,1.06006
11.53191,1.05999
11.53391,1.05993
11.53591,1.05989
11.53791,1.05988
11.53991,1.05988
11.54191,1.05987
11.54391,1.05986
11.54591,1.05985
11.54791,1.05984
11.54991,1.05984
11.55191,1.05983
11.55391,1.05982
11.55591,1.05981
11.55791,1.05982
11.55991,1.05983
11.56191,1.05984
11.56391,1.05985
11.56591,1.05987
11.56791,1.05988
11.56991,1.0599
11.57191,1.05991
11.57391,1.05992
11.57592,1.05994
11.57792,1.05995
11.57992,1.05997
11.58192,1.06006
11.58392,1.06019
11.58592,1.06032
11.58792,1.06045
11.58992,1.06059
11.59192,1.06072
11.59392,1.06085
11.59592,1.06098
11.59792,1.06111
11.59992,1.06124
11.60192,1.06136
11.60392,1.0614
11.60592,1.06137
11.60792,1.06134
11.60992,1.0613
11.61192,1.06127
11.61392,1.06124
11.61592,1.0612
11.61792,1.06117
11.61992,1.06112
11.62192,1.06108
11.62392,1.06103
11.62593,1.06098
11.62793,1.06094
11.62993,1.06089
11.63193,1.06085
11.63393,1.0608
11.63593,1.06075
11.63793,1.06071
11.63993,1.06066
11.64193,1.06062
11.64393,1.0606
11.64593,1.06064
11.64793,1.06069
11.64993,1.06074
11.65193,1.06079
11.65393,1.06084
11.65593,1.06089
11.65793,1.06094
11.65993,1.06099
11.66193,1.061
11.66393,1.06101
11.66593,1.06103
11.66793,1.06104
11.66993,1.06105
11.67193,1.06106
11.67393,1.06107
11.67594,1.06108
11.67794,1.06109
11.67994,1.06111
11.68194,1.06112
11.68394,1.06115
11.68594,1.06123
11.68794,1.06134
11.68994,1.06146
11.69194,1.06158
11.69394,1.0617
11.69594,1.06181
11.69794,1.06193
11.69994,1.06205
11.70194,1.06216
11.70394,1.06228
11.70594,1.06239
11.70794,1.06247
11.70994,1.06255
11.71194,1.06264
11.71394,1.06272
11.71594,1.0628
11.71794,1.06288
11.71994,1.06296
11.72194,1.06304
11.72394,1.06312
11.72595,1.06321
11.72795,1.06326
11.72995,1.06325
11.73195,1.06322
11.73395,1.0632
11.73595,1.06317
11.73795,1.06314
11.73995,1.06311
11.74195,1.06309
11.74395,1.06306
11.74595,1.06303
11.74795,1.063
11.74995,1.06298
11.75195,1.06295
11.75395,1.06293
11.75595,1.0629
11.75795,1.06288
11.75995,1.06285
11.76195,1.06283
11.76395,1.0628
11.76595,1.06278
11.76795,1.06275
11.76995,1.06273
11.77195,1.06272
11.77395,1.06274
11.77596,1.06277
11.77796,1.0628
11.77996,1.06282
11.78196,1.06285
11.78396,1.06288
11.78596,1.06291
11.78796,1.06293
11.78996,1.06296
11.79196,1.06299
11.79396,1.06306
11.79596,1.06317
11.79796,1.06328
11.79996,1.0634
11.80196,1.06352
11.80396,1.06364
11.80596,1.06375
11.80796,1.06387
11.80996,1.06399
11.81196,1.06411
11.81396,1.0642
11.81596,1.06423
11.81796,1.06425
11.81996,1.06427
11.82196,1.06429
11.82396,1.06431
11.82597,1.06433
11.82797,1.06434
11.82997,1.06436
11.83197,1.06438
11.83397,1.0644
11.83597,1.06442
11.83797,1.06447
11.83997,1.06454
11.84197,1.0646
11.84397,1.06467
11.84597,1.06473
11.84797,1.0648
11.84997,1.06486
11.85197,1.06493
11.85397,1.06499
11.85597,1.06505
11.85797,1.06508
11.85997,1.06509
11.86197,1.06509
11.86397,1.0651
11.86597,1.06511
11.86797,1.06512
11.86997,1.06512
11.87197,1.06513
11.87397,1.06514
11.87598,1.06515
11.87798,1.06515
11.87998,1.06511
11.88198,1.06506
11.88398,1.06501
11.88598,1.06496
11.88798,1.06491
11.88998,1.06487
11.89198,1.06482
11.89398,1.06477
11.89598,1.06472
11.89798,1.06467
11.89998,1.06463
11.90198,1.06458
11.90398,1.06457
11.90598,1.06455
11.90798,1.06454
11.90998,1.06452
11.91198,1.06451
11.91398,1.0645
11.91598,1.06448
11.91798,1.06447
11.91998,1.06445
11.92198,1.06444
11.92398,1.06443
11.92599,1.06443
11.92799,1.06445
11.92999,1.06448
11.93199,1.06451
11.93399,1.06454
11.93599,1.06457
11.93799,1.06459
11.93999,1.06462
11.94199,1.06465
11.94399,1.06468
11.94599,1.0647
11.94799,1.06469
11.94999,1.06469
11.95199,1.06468
11.95399,1.06468
11.95599,1.06467
11.95799,1.06466
11.95999,1.06466
11.96199,1.06465
11.96399,1.06465
11.96599,1.06464
11.96799,1.06463
11.96999,1.06463
11.97199,1.06463
11.97399,1.06462
11.976,1.06462
11.978,1.06462
11.98,1.06462
11.982,1.06461
11.984,1.06461
11.986,1.06461
11.988,1.06461
11.99,1.06465
11.992,1.06475
11.994,1.06484
11.996,1.06493
11.998,1.06503
12,1.06512
